region,dp,ymv.bui,ysloot.1d,xmv.bin,xsloot.1a,xsloot.1c,xsloot.1d,xsloot.1b,xweg.1,xteen.1,xberm.1a,xberm.1b,xkruin.1,xkruin.2,xberm.2a,xberm.2b,xteen.2,xweg.2,xsloot.2,xmvb.bui,ymv.bin,ysloot.1a,ysloot.1c,ysloot.1d,ysloot.1b,yweg.1,yteen.1,yberm.1a,yberm.1b,ykruin.1,ykruin.2,yberm.2a,yberm.2b,yteen.2,yweg.2,ysloot.2
Os,725.0,-0.253,-0.5,-91.13,-52.13,-50.79,-50.39,-49.13,-25.13,-14.963,-5.584,-3.404,-3.404,2.238,6.513,12.831,27.848,47.87,68.87,411.87,1.203,1.291,-0.5,-0.5,1.186,1.184,1.71,6.26,6.39,6.39,6.22,4.63,4.33,0.03,0.773,-0.071
Os,726.0,-0.583,0.0,-200.88,-97.88,-95.77,-92.82,-90.88,-18.88,-11.946,-2.953,-2.953,-2.953,-0.385,4.735,12.798,27.535,34.637,62.12,277.12,1.329,1.405,0.0,0.0,1.293,1.932,2.45,6.43,6.43,6.43,6.41,4.58,4.28,0.05,-0.7,-0.64
Os,727.0,-0.928,0.5,-51.22,-23.22,-21.81,-20.57,-19.22,-19.22,-12.06,-2.084,-2.084,-2.084,-0.067,5.481,13.022,28.897,47.78,47.78,119.78,1.342,1.724,0.5,0.5,1.674,1.674,2.08,6.51,6.51,6.51,6.43,4.53,4.27,-0.74,-0.776,-0.776
Os,728.0,-0.926,0.5,-201.0,-24.0,-22.64,-22.6,-21.0,-21.0,-13.534,-2.665,-2.665,-2.665,-0.833,5.248,10.852,27.944,33.065,42.0,77.0,1.158,1.404,0.5,0.5,1.567,1.567,1.86,6.45,6.45,6.45,6.37,4.44,4.23,0.26,-0.13,-0.929
Os,729.0,-1.034,0.5,-201.0,-23.62,-22.34,-20.45,-19.0,-19.0,-14.03,-2.764,-2.764,-2.764,-0.546,5.412,10.159,26.03,44.0,71.0,75.0,1.222,1.354,0.5,0.5,1.467,1.467,1.5,6.46,6.46,6.46,6.42,4.48,4.25,-0.76,-1.046,-0.936
Os,730.0,-1.038,0.5,-200.0,-23.68,-22.43,-22.15,-21.0,-21.0,-14.234,-2.734,-2.734,-2.734,-0.586,5.305,9.851,25.795,46.0,72.0,78.0,1.212,1.334,0.5,0.5,1.268,1.268,1.63,6.55,6.55,6.55,6.57,4.48,4.25,-0.78,-1.158,-0.944
Os,731.0,-0.91,0.5,-201.0,-24.0,-22.73,-21.47,-20.0,-20.0,-14.342,-2.661,-2.661,-2.661,-0.232,5.713,9.871,25.825,45.0,45.0,78.0,1.324,1.344,0.5,0.5,1.481,1.481,1.64,6.6,6.6,6.6,6.52,4.5,4.24,-0.75,-1.164,-1.164
Os,732.0,-1.292,0.5,-201.0,-24.0,-22.73,-20.25,-19.0,-19.0,-14.151,-2.693,-2.693,-2.693,-0.362,5.497,10.219,26.135,40.0,54.0,79.0,0.983,1.346,0.5,0.5,1.332,1.332,1.48,6.55,6.55,6.55,6.45,4.49,4.24,-0.76,-0.93,-1.145
Os,733.0,-1.331,0.5,-200.0,-24.0,-22.87,-21.15,-20.0,-20.0,-14.942,-3.017,-3.017,-3.017,-0.319,5.024,10.06,25.666,47.0,72.0,80.0,0.85,1.255,0.5,0.5,1.264,1.264,1.41,6.47,6.47,6.47,6.34,4.53,4.29,-0.5,-0.85,-1.128
Os,734.0,-0.722,0.5,-200.41,-23.41,-22.12,-18.36,-17.41,-17.41,-15.131,-3.067,-3.067,-3.067,-0.617,5.175,10.196,25.516,45.59,92.59,117.59,0.754,1.357,0.5,0.5,1.131,1.131,1.21,6.22,6.22,6.22,6.09,4.58,4.3,-0.42,0.049,-0.339
Os,735.0,-1.027,0.5,-200.11,-23.11,-22.35,-20.42,-20.11,-20.11,-14.81,-3.236,-3.236,-3.236,-0.351,4.685,9.303,24.435,36.89,58.89,152.89,0.732,1.009,0.5,0.5,0.704,0.704,1.12,6.18,6.18,6.18,6.03,4.54,4.31,-0.42,-0.451,-0.913
Os,736.0,-0.632,0.5,-200.3,-23.3,-22.61,-19.0,-18.3,-18.3,-14.378,-2.934,-2.934,-2.934,-0.415,4.819,10.711,26.251,57.7,57.7,87.7,0.563,0.958,0.5,0.5,0.964,0.964,1.35,6.18,6.18,6.18,6.16,4.54,4.28,-0.43,-0.517,-0.517
Os,737.0,-0.647,0.1,-200.74,-26.74,-25.58,-19.33,-17.74,-17.74,-14.462,-2.615,-2.615,-2.615,-0.14,4.884,11.267,26.729,44.26,274.26,274.26,0.748,0.872,0.1,0.1,1.163,1.163,1.3,6.16,6.16,6.16,6.12,4.53,4.29,-0.43,-0.152,-0.647
Os,738.0,1.0049,0.21,-20.48,-20.48,-19.92,-19.92,-18.48,-18.48,-14.671,-2.703,-2.703,-2.703,-0.026,4.757,10.485,26.118,45.52,399.52,528.52,0.58,0.58,0.21,0.21,1.1702,1.1702,1.37,6.23,6.23,6.23,6.1,4.53,4.29,-0.5,0.2732,-0.5696
Os,739.0,-0.618,0.1,-132.69,-23.68,-22.33,-20.59,-18.69,-18.69,-14.07,-2.526,-2.526,-2.526,-0.015,4.703,11.388,26.475,45.31,451.31,464.31,0.528,0.999,0.1,0.1,1.369,1.369,1.57,6.27,6.27,6.27,6.1,4.55,4.3,-0.37,1.244,0.101
Os,740.0,0.649,0.1,-200.44,-22.44,-21.31,-20.57,-18.44,-18.44,-14.019,-3.712,-0.229,-0.229,5.008,11.504,15.897,28.402,64.56,475.56,479.56,0.731,0.855,0.1,0.1,1.517,1.517,1.81,6.01,6.16,6.16,6.04,4.61,4.29,0.84,1.509,1.229
Os,741.0,0.493,-1.1,-200.04,-28.04,-26.04,-25.72,-23.04,-23.04,-19.798,-12.539,-9.112,-3.282,0.078,5.424,5.895,21.509,54.96,460.96,507.96,0.808,0.808,-1.1,-1.1,1.45,1.45,1.54,3.86,4.01,5.95,5.98,4.22,4.2,1.07,1.324,1.155
Os,742.0,-0.248,-1.1,-200.58,-23.58,-20.97,-20.74,-17.58,-17.58,-14.175,-2.642,-2.642,-2.642,-0.057,5.632,9.192,17.624,28.42,246.42,253.42,0.905,0.905,-1.1,-1.1,1.327,1.327,1.39,5.76,5.76,5.76,5.73,3.94,3.82,1.03,1.615,1.562
Os,743.0,-0.081,-1.1,-200.37,-25.37,-22.07,-17.77,-14.13,-14.13,-14.125,-2.92,-2.92,-2.92,0.278,6.294,9.557,18.118,39.63,179.63,185.63,1.092,1.102,-1.1,-1.1,1.33,1.33,1.28,5.73,5.73,5.73,5.79,3.96,3.85,1.04,1.729,1.787
Os,744.0,-0.18,-1.1,-200.52,-22.91,-20.88,-20.56,-18.52,-18.52,-13.953,-2.891,-2.891,-2.891,0.337,6.514,9.43,18.556,37.48,135.48,476.48,1.154,1.154,-1.1,-1.1,1.167,1.167,1.35,5.63,5.63,5.63,5.75,3.91,3.82,1.03,1.805,0.647
Os,745.0,0.142,-1.1,-200.52,-22.85,-20.22,-20.02,-17.52,-14.23,-14.23,-3.367,-3.367,-3.367,0.25,5.181,9.255,18.068,31.48,310.48,328.48,1.115,1.203,-1.1,-1.1,1.097,1.305,1.28,5.65,5.65,5.65,5.75,4.04,3.83,1.05,1.599,1.166
Os,746.0,0.78,-1.1,-200.4,-23.4,-21.57,-21.2,-19.4,-19.4,-14.458,-3.57,-3.57,-3.57,-0.176,5.543,8.92,17.533,25.6,557.6,662.6,1.057,1.057,-1.1,-1.1,1.023,1.023,1.34,5.64,5.64,5.64,5.83,3.94,3.81,1.1,1.757,1.623
Os,747.0,-0.089,-0.28,-200.66,-26.66,-24.52,-19.87,-17.66,-17.66,-14.546,-3.544,-3.544,-3.544,-0.252,5.335,8.988,17.451,34.34,497.34,596.34,1.14,1.149,-0.28,-0.28,1.19,1.19,1.26,5.75,5.75,5.75,5.79,3.98,3.79,1.13,1.727,1.439
Os,748.0,0.11,-0.4,-200.89,-23.78,-21.48,-19.5,-16.89,-16.89,-14.485,-3.705,-3.705,-3.705,0.185,5.528,9.139,17.591,35.11,314.11,336.11,1.062,1.133,-0.4,-0.4,1.343,1.343,1.36,5.69,5.69,5.69,5.83,3.95,3.77,1.14,1.793,1.221
Os,749.0,0.665,-0.4,-200.35,-23.34,-21.49,-21.28,-19.35,-19.35,-14.331,-3.771,-3.771,-3.771,0.121,5.719,9.621,18.141,52.65,559.65,681.65,1.02,1.02,-0.4,-0.4,1.082,1.082,1.41,5.7,5.7,5.7,5.78,4.0,3.74,1.06,1.78,1.707
Os,750.0,0.592,-0.36,-200.82,-23.82,-21.88,-20.15,-17.82,-17.82,-14.563,-3.048,-3.048,-3.048,0.139,5.531,9.63,18.344,51.18,619.18,672.18,0.935,0.935,-0.36,-0.36,1.194,1.194,1.28,5.61,5.61,5.61,5.68,4.0,3.77,1.0,1.988,0.918
Os,751.0,0.631,-0.32,-200.87,-35.87,-33.95,-20.1,-17.87,-17.87,-14.643,-3.189,-3.189,-3.189,0.286,5.058,9.617,21.71,49.13,647.13,656.13,0.958,0.958,-0.32,-0.32,1.164,1.164,1.26,5.66,5.66,5.66,5.83,4.14,3.95,0.97,1.718,1.692
Os,752.0,0.491,-0.28,-166.08,-31.08,-29.32,-29.18,-27.08,-27.08,-21.978,-13.88,-7.439,-7.439,3.912,17.421,20.955,29.805,41.92,637.92,682.92,1.03,1.072,-0.28,-0.28,1.335,1.335,1.73,5.28,5.4,5.4,5.66,3.95,3.81,1.13,1.44,1.603
Os,753.0,0.513,-0.06,-176.01,-21.98,-20.39,-20.39,-18.01,-18.01,-13.301,-3.656,-3.656,-3.656,0.005,6.313,9.233,18.124,29.99,645.99,675.99,0.821,1.006,-0.06,-0.06,1.527,1.527,1.73,5.55,5.55,5.55,5.63,3.98,3.78,0.99,1.604,0.989
Os,754.0,0.481,-0.49,-174.8,-22.99,-21.15,-20.84,-17.8,-17.8,-12.926,-3.316,-3.316,-3.316,0.053,6.421,9.397,18.011,41.2,672.2,680.2,0.739,0.739,-0.49,-0.49,1.535,1.535,1.72,5.68,5.68,5.68,5.67,3.97,3.88,1.05,1.33,0.614
Os,755.0,0.372,-0.49,-200.45,-25.45,-23.38,-22.42,-19.45,-19.45,-13.669,-3.953,-3.953,-3.953,-0.585,5.498,8.416,17.14,35.55,641.55,657.55,0.891,0.891,-0.49,-0.49,1.487,1.487,1.7,5.64,5.64,5.64,5.64,4.02,3.86,1.12,1.539,0.774
Os,756.0,0.412,-0.33,-200.44,-23.44,-21.57,-21.36,-18.44,-18.44,-13.001,-3.91,-3.91,-3.91,-0.452,5.724,8.666,19.754,28.56,475.56,513.56,0.958,0.958,-0.33,-0.33,1.684,1.684,1.74,5.4,5.4,5.4,5.46,4.36,4.28,1.11,1.434,1.632
Os,757.0,0.254,1.05,-200.76,-23.76,-23.76,-23.76,-23.76,-23.76,-12.708,-2.841,-2.841,-2.841,-0.022,5.487,8.321,19.558,33.24,419.24,620.24,0.813,1.054,1.05,1.05,1.054,1.054,1.74,5.59,5.59,5.59,5.52,4.39,4.29,1.17,1.558,1.457
Os,758.0,0.243,-0.22,-200.03,-23.03,-21.15,-20.79,-18.03,-18.03,-12.872,-3.668,-3.668,-3.668,-0.176,4.903,8.016,18.966,24.97,565.97,625.97,0.87,1.031,-0.22,-0.22,1.621,1.621,1.68,5.37,5.37,5.37,5.42,4.36,4.32,1.08,0.967,0.902
Os,759.0,0.489,-0.16,-200.5,-23.28,-21.55,-20.89,-18.5,-18.5,-13.226,-3.811,-3.811,-3.811,-0.653,4.481,7.459,18.748,40.5,499.5,549.5,0.901,0.996,-0.16,-0.16,1.431,1.431,1.75,5.53,5.53,5.53,5.54,4.38,4.27,1.12,1.326,1.39
Os,760.0,0.131,-0.18,-196.32,-23.21,-21.67,-20.95,-18.32,-18.32,-13.563,-3.764,-3.764,-3.764,-0.228,4.055,6.907,18.315,39.68,549.68,669.68,0.595,0.844,-0.18,-0.18,1.574,1.574,1.68,5.59,5.59,5.59,5.63,4.37,4.28,1.18,1.252,1.322
Os,761.0,0.079,-0.07,-172.32,-22.32,-21.1,-20.49,-18.32,-18.32,-13.119,-3.777,-3.777,-3.777,-0.322,3.735,6.36,17.838,23.68,523.68,686.68,0.741,0.741,-0.07,-0.07,1.374,1.374,1.69,5.52,5.52,5.52,5.58,4.35,4.28,1.15,0.911,0.8
Os,762.0,-0.397,-0.05,-162.19,-24.19,-23.07,-22.56,-20.19,-20.19,-12.971,-4.206,-4.206,-4.206,-0.552,2.978,5.845,16.945,26.81,602.81,705.81,0.695,0.695,-0.05,-0.05,1.528,1.528,1.72,5.46,5.46,5.46,5.52,4.41,4.25,1.18,1.342,0.308
Os,763.0,-0.922,-0.05,-126.4,-24.0,-22.38,-21.95,-19.4,-19.4,-13.3,-4.456,-4.456,-4.456,-1.335,3.405,6.136,17.5,20.6,557.6,720.6,0.841,1.032,-0.05,-0.05,1.651,1.651,1.88,5.46,5.46,5.46,5.52,4.39,4.32,1.14,1.036,0.517
Os,764.0,-1.3,-0.05,-132.86,-24.73,-23.42,-23.01,-21.86,-19.86,-12.98,-4.195,-4.195,-4.195,-0.777,4.403,7.797,18.265,24.29,568.14,722.14,0.786,0.821,-0.05,-0.05,0.717,1.63,1.79,5.64,5.64,5.64,5.7,4.31,4.24,1.19,1.03,0.631
Os,765.0,-1.282,0.12,-115.46,-23.46,-22.34,-21.26,-19.46,-13.46,-12.915,-4.106,-4.106,-4.106,-0.594,4.242,7.986,18.408,20.54,565.54,690.54,0.723,0.869,0.12,0.12,1.318,1.728,1.69,5.49,5.49,5.49,5.58,4.24,4.15,1.14,1.321,0.73
Os,766.0,-1.303,0.12,-94.38,-23.38,-22.22,-21.09,-19.38,-19.38,-13.685,-2.97,-2.97,-2.97,-0.692,4.091,7.167,18.273,32.62,506.62,652.62,0.811,0.894,0.12,0.12,1.26,1.26,1.57,5.69,5.69,5.69,5.67,4.26,4.12,1.12,1.455,0.733
Os,767.0,-1.31,0.12,-75.08,-22.83,-22.01,-20.24,-18.08,-18.08,-13.363,-3.465,-3.465,-3.465,-0.929,3.261,6.37,17.246,33.92,567.92,628.92,0.667,0.667,0.12,0.12,1.559,1.559,1.57,5.68,5.68,5.68,5.71,4.29,4.19,1.22,1.229,-0.316
Os,768.0,-1.307,0.0,-200.67,-20.67,-20.21,-19.96,-18.67,-18.67,-13.608,-3.602,-3.602,-3.602,0.568,4.542,7.523,18.523,31.33,41.33,608.33,0.506,0.506,0.0,0.0,1.432,1.432,1.68,5.44,5.44,5.44,5.53,4.29,4.21,1.13,0.357,-0.805
Os,769.0,-1.339,0.0,-200.86,-22.53,-21.73,-20.0,-17.86,-17.86,-12.958,-3.636,-3.636,-3.636,0.08,4.288,7.38,18.289,36.14,42.14,599.14,0.532,0.532,0.0,0.0,1.425,1.425,1.63,5.25,5.25,5.25,5.32,4.32,4.2,1.09,0.123,-0.852
Os,770.0,-1.301,0.0,-198.65,-22.45,-21.53,-19.66,-17.65,-17.65,-12.951,-3.061,-3.061,-3.061,0.292,4.735,7.877,18.921,36.35,39.35,495.35,0.611,0.611,0.0,0.0,1.34,1.34,1.61,5.29,5.29,5.29,5.4,4.32,4.18,1.04,0.41,-0.689
Os,771.0,-1.24,0.0,-200.94,-22.94,-21.97,-20.28,-18.94,-17.94,-13.073,-3.673,-3.673,-3.673,0.272,4.916,7.927,18.806,39.06,46.06,454.06,0.645,0.645,0.0,0.0,0.89,1.508,1.68,5.35,5.35,5.35,5.52,4.33,4.18,1.11,0.767,-0.723
Os,772.0,-1.353,-0.1,-200.55,-22.55,-20.92,-18.94,-16.55,-16.55,-12.533,-3.29,-3.29,-3.29,-0.092,4.538,7.354,18.263,57.45,63.45,385.45,0.728,0.986,-0.1,-0.1,1.491,1.491,1.63,5.37,5.37,5.37,5.5,4.32,4.19,1.13,0.726,-1.094
Os,773.0,-1.286,-0.1,-164.24,-22.24,-20.99,-20.32,-18.24,-18.24,-13.003,-2.944,-2.944,-2.944,0.663,5.689,8.551,19.707,74.76,105.76,293.76,0.656,0.733,-0.1,-0.1,1.285,1.285,1.54,5.49,5.49,5.49,5.56,4.35,4.17,1.09,1.533,-1.024
Os,774.0,-1.241,-0.1,-200.91,-22.78,-21.39,-20.79,-18.91,-18.91,-13.935,-3.852,-3.852,-3.852,0.541,5.503,8.526,19.222,43.09,170.09,246.09,0.828,0.828,-0.1,-0.1,1.156,1.156,1.24,5.39,5.39,5.39,5.55,4.31,4.17,1.17,1.507,-1.214
Os,775.0,-1.33,-0.1,-200.15,-23.15,-21.76,-20.84,-19.15,-19.15,-14.236,-3.928,-3.928,-3.928,-0.026,6.021,9.059,19.524,73.85,93.85,142.85,0.819,0.825,-0.1,-0.1,1.029,1.029,1.31,5.53,5.53,5.53,5.54,4.3,4.15,1.16,1.39,-0.124
Os,776.0,-1.245,-0.1,-200.27,-27.27,-25.18,-21.13,-19.27,-19.27,-14.86,-4.285,-4.285,-4.285,0.276,5.714,9.785,21.641,60.73,72.73,83.73,0.935,1.296,-0.1,-0.1,1.142,1.142,1.39,5.54,5.54,5.54,5.63,4.31,4.0,0.05,-0.369,-0.797
Os,777.0,1.08,-0.1,-200.42,-24.42,-22.71,-22.09,-20.42,-20.42,-14.943,-3.788,-3.788,-3.788,0.575,4.87,38.53,41.58,42.58,42.58,42.58,0.888,1.04,-0.1,-0.1,1.015,1.015,1.44,5.45,5.45,5.45,5.57,3.997,3.332,1.37,1.08,1.08
Os,778.0,0.89,0.84,-200.01,-21.01,-21.01,-21.01,-21.01,-18.01,-18.01,-11.01,-5.01,-2.01,-0.01,4.99,26.99,30.99,31.99,31.99,31.99,0.844,0.844,0.84,0.84,0.844,1.77,1.77,5.078,5.136,5.736,5.626,3.86,3.293,1.233,0.89,0.89
Os,779.0,3.062,3.18,-194.45,-187.45,-187.45,-187.45,-187.45,-134.45,-22.45,-22.45,-6.57,-3.45,-0.45,1.55,10.57,15.55,15.55,35.86,36.55,0.462,3.176,3.18,3.18,3.176,2.949,3.333,3.333,4.445,5.569,5.536,4.986,4.988,3.67,3.67,3.381
Os,780.0,-1.261,2.43,-200.92,-37.92,-37.92,-37.92,-37.92,-37.92,-31.729,-16.72,-16.443,-15.409,10.08,16.08,33.08,41.08,206.08,206.08,262.08,2.338,2.43,2.43,2.43,2.43,2.43,2.76,5.42,5.43,5.86,5.757,3.822,3.568,2.355,-1.025,-1.025
Os,781.0,-1.25,-0.25,-58.63,-14.63,-13.32,-12.54,-10.63,-10.63,-7.63,-0.63,-0.63,-0.63,3.37,11.91,46.37,46.88,196.37,196.37,254.37,0.62,0.62,-0.25,-0.25,1.023,1.023,1.391,4.984,4.984,4.984,3.956,3.717,3.419,2.78,-1.235,-1.235
Os,782.0,-1.285,-0.25,-58.56,-15.56,-14.09,-13.24,-11.56,-11.56,-8.568,-1.891,-1.891,-1.891,6.203,6.203,46.67,51.44,171.44,171.44,221.44,0.581,0.73,-0.25,-0.25,0.87,0.87,1.28,5.01,5.01,5.01,3.68,3.68,3.456,1.98,-1.106,-1.106
Os,783.0,-1.427,-0.85,-200.95,-15.95,-13.84,-13.55,-10.95,-10.95,-9.097,-1.494,-1.494,-1.494,-0.95,1.05,36.49,55.05,130.05,130.05,195.05,0.396,0.603,-0.85,-0.85,0.945,0.945,1.19,5.22,5.22,5.22,5.515,5.108,5.188,1.354,-1.31,-1.31
Os,784.0,-1.397,-0.99,-87.77,-19.77,-18.05,-17.78,-15.77,-15.77,-12.77,-8.77,-4.77,-1.89,1.236,3.23,27.32,35.23,35.23,98.23,176.23,0.388,0.388,-0.99,-0.99,0.62,0.62,0.662,3.256,3.338,5.13,5.18,4.193,3.596,-1.32,-1.32,-1.246
Os,785.0,-1.347,-0.99,-171.8,-18.8,-16.74,-16.51,-14.8,-12.8,-7.605,-1.665,-1.665,-1.665,1.784,4.979,9.271,24.251,43.2,43.2,78.2,0.481,0.66,-0.99,-0.99,0.38,1.508,1.83,5.15,5.15,5.15,5.09,3.73,3.66,-0.78,1.122,1.122
Os,786.0,-1.363,-0.99,-200.26,-25.26,-22.66,-17.15,-13.26,-13.26,-7.177,-1.185,-1.185,-1.185,1.475,4.803,8.163,23.067,34.74,34.74,34.74,0.534,0.744,-0.99,-0.99,1.603,1.603,2.05,5.19,5.19,5.19,5.11,3.99,3.37,-0.79,-1.363,-1.363
Os,787.0,-1.055,-0.99,-168.86,-59.86,-56.68,-42.92,-40.86,-38.86,-19.86,-15.86,-5.86,-1.937,-0.368,2.229,7.581,24.127,25.14,25.14,25.14,0.773,1.127,-0.99,-0.99,0.386,0.825,0.563,2.045,2.391,5.11,5.13,3.92,3.72,-1.0,-1.055,-1.055
Os,788.0,-1.308,-0.99,-200.9,-78.9,-76.19,-24.48,-22.9,-22.9,-22.9,-16.9,-9.9,-2.584,0.421,4.125,11.501,27.362,32.36,32.36,32.36,0.755,0.818,-0.99,-0.99,0.061,0.061,0.061,1.747,2.117,5.38,5.53,4.0,3.77,-1.05,-1.308,-1.308
Os,789.0,-1.347,-0.99,-200.45,-89.45,-86.83,-23.95,-22.45,-19.45,-10.772,-1.635,-1.635,-1.635,0.186,4.321,13.598,29.631,36.55,36.55,36.55,0.755,0.755,-0.99,-0.99,0.008,1.31,1.79,5.5,5.5,5.5,5.41,3.99,3.73,-0.99,-1.347,-1.347
Os,790.0,-1.292,-1.11,-200.41,-17.41,-16.21,-15.93,-14.41,-14.41,-11.188,-11.188,-1.646,-1.646,-0.288,3.563,14.873,30.931,32.59,32.59,32.59,0.608,0.608,-1.11,-1.11,1.067,1.067,1.38,1.38,5.71,5.71,5.83,4.04,3.71,-1.04,-1.292,-1.292
Os,791.0,-1.091,-1.11,-200.72,-18.72,-17.47,-17.15,-15.72,-14.72,-11.66,-2.128,-2.128,-2.128,-0.552,3.649,15.011,30.884,31.28,42.28,66.28,0.448,0.448,-1.11,-1.11,0.68,1.228,1.38,5.7,5.7,5.7,5.74,3.94,3.7,-1.06,-0.864,-1.272
Os,792.0,-1.059,-1.11,-200.06,-19.06,-17.29,-17.04,-15.06,-15.06,-11.898,-2.177,-2.177,-2.177,-0.782,3.39,11.453,27.364,30.94,59.94,67.94,0.627,0.852,-1.11,-1.11,1.089,1.089,1.41,5.73,5.73,5.73,5.78,3.95,3.72,-1.06,-1.236,-1.227
Os,793.0,-0.976,-1.11,-200.1,-18.68,-16.72,-16.2,-14.1,-14.1,-11.096,-1.629,-1.629,-1.629,-0.671,3.685,11.538,27.497,34.9,60.9,74.9,0.549,0.848,-1.11,-1.11,0.994,0.994,1.46,5.78,5.78,5.78,5.81,3.97,3.74,-1.03,-1.306,-1.099
Os,794.0,-1.268,-1.11,-200.96,-17.96,-16.43,-16.13,-13.96,-13.96,-11.61,-1.828,-1.828,-1.828,-0.725,3.668,13.575,29.758,34.04,51.04,73.04,0.422,0.422,-1.11,-1.11,1.063,1.063,1.22,5.76,5.76,5.76,5.78,3.99,3.74,-1.08,-1.131,-1.024
Os,795.0,-1.19,-1.11,-200.2,-17.2,-16.03,-15.69,-14.2,-14.2,-10.669,-1.696,-1.696,-1.696,-0.741,3.798,13.259,29.281,41.8,62.8,91.8,0.565,0.565,-1.11,-1.11,1.012,1.012,1.54,5.72,5.72,5.72,5.74,3.97,3.79,-1.04,-1.12,-1.122
Os,796.0,-0.99,-1.11,-191.54,-18.54,-17.05,-16.75,-15.54,-14.54,-11.485,-2.284,-2.284,-2.284,-0.988,3.881,11.041,24.626,38.46,59.46,100.46,0.544,0.544,-1.11,-1.11,0.23,0.977,1.34,5.59,5.59,5.59,5.56,3.87,3.74,-0.28,-0.919,-1.19
Os,797.0,-1.143,-1.17,-194.47,-36.47,-34.51,-34.17,-33.47,-16.47,-11.943,-2.68,-2.68,-2.68,-1.185,4.075,10.089,23.642,26.53,48.53,97.53,0.138,0.138,-1.17,-1.17,-0.704,0.018,1.08,5.3,5.3,5.3,5.37,3.97,3.71,-0.33,-0.657,-1.256
Os,798.0,-1.13,-0.3,-200.86,-16.86,-15.82,-15.53,-13.86,-13.86,-10.84,-2.162,-2.162,-2.162,-0.919,3.669,11.157,24.705,33.87,65.14,75.14,0.362,0.472,-0.3,-0.3,0.937,0.937,1.29,5.34,5.34,5.34,5.41,4.02,3.75,-0.3,-1.07,-0.822
Os,799.0,-1.183,-0.3,-200.25,-18.25,-16.89,-16.66,-15.25,-15.25,-11.285,-1.948,-1.948,-1.948,-0.881,3.198,10.13,25.291,38.75,64.75,87.75,0.399,0.788,-0.3,-0.3,0.832,0.832,1.19,5.45,5.45,5.45,5.48,4.01,3.73,-0.36,-0.987,-0.969
Os,800.0,-0.923,-0.3,-200.62,-17.62,-15.76,-14.99,-12.62,-12.62,-11.182,-2.098,-2.098,-2.098,-0.752,3.401,10.035,25.218,26.38,56.38,82.38,0.557,0.943,-0.3,-0.3,1.281,1.281,1.28,5.47,5.47,5.47,5.56,3.94,3.7,-0.27,-0.221,-1.263
Os,801.0,-0.613,-0.3,-200.42,-26.42,-24.02,-23.17,-21.42,-20.42,-14.101,-4.641,-4.641,-4.641,-2.849,5.658,12.77,28.051,40.58,40.58,83.58,0.578,1.299,-0.3,-0.3,0.868,1.514,2.22,5.75,5.75,5.75,5.75,3.95,3.67,-0.31,-0.815,-0.815
Os,802.0,-0.166,-0.3,-154.37,-27.69,-26.61,-26.28,-25.37,-23.37,-13.179,-2.573,-2.573,-2.573,0.241,3.118,18.957,33.285,35.63,35.63,171.63,0.606,0.78,-0.3,-0.3,0.611,1.767,2.32,5.89,5.89,5.89,5.79,4.73,3.71,-0.1,0.078,0.078
Os,803.0,-0.107,-1.0,-200.59,-28.59,-26.74,-26.47,-24.59,-21.59,-16.386,-3.089,-3.089,-3.089,-0.053,4.403,14.719,28.444,39.41,39.41,182.41,0.436,0.605,-1.0,-1.0,0.637,0.908,1.01,6.16,6.16,6.16,6.14,4.47,4.01,-0.26,0.076,0.076
Os,804.0,-0.168,-1.0,-200.16,-28.59,-26.18,-25.84,-23.16,-23.16,-15.5,-3.018,-3.018,-3.018,-0.589,5.511,13.085,25.007,82.84,82.84,149.84,0.48,0.608,-1.0,-1.0,0.785,0.785,1.24,6.26,6.26,6.26,6.27,4.26,4.05,0.47,-0.089,-0.089
Os,805.0,-0.211,-1.0,-181.91,-31.91,-29.24,-26.65,-23.91,-23.91,-15.367,-2.392,-2.392,-2.392,-0.085,5.489,12.882,25.312,49.09,49.09,116.09,0.57,0.779,-1.0,-1.0,0.825,0.825,1.2,6.31,6.31,6.31,6.18,4.27,4.04,-0.07,-0.296,-0.296
Os,806.0,-0.302,-1.32,-199.0,-28.78,-26.78,-26.48,-24.0,-24.0,-16.222,-2.816,-2.816,-2.816,-1.101,4.708,9.713,22.232,37.0,37.0,93.0,0.284,0.284,-1.32,-1.32,0.665,0.665,1.12,6.33,6.33,6.33,6.28,4.26,4.05,0.34,-0.404,-0.404
Os,807.0,-0.359,-1.24,-70.0,-28.0,-26.46,-26.26,-24.0,-24.0,-16.392,-2.592,-2.592,-2.592,-0.382,6.362,11.472,23.306,23.31,39.0,84.0,-0.139,-0.139,-1.24,-1.24,0.372,0.372,0.94,6.36,6.36,6.36,6.25,4.26,4.06,-0.03,-0.019,-0.398
Os,808.0,-0.283,-1.24,-134.0,-29.0,-26.6,-26.2,-24.0,-24.0,-16.529,-2.908,-2.908,-2.908,-0.682,5.226,9.794,20.961,21.0,33.0,84.0,0.17,0.361,-1.24,-1.24,0.225,0.225,0.79,6.34,6.34,6.34,6.21,4.24,4.03,0.26,0.073,-0.328
Os,809.0,-0.416,-1.24,-153.0,-29.0,-27.2,-26.94,-25.0,-25.0,-16.371,-2.667,-2.667,-2.667,-0.035,6.254,10.944,20.355,22.0,37.0,103.0,0.095,0.095,-1.24,-1.24,0.196,0.196,0.72,6.26,6.26,6.26,6.15,4.22,4.05,0.71,0.04,-0.315
Os,810.0,-0.248,-1.23,-174.0,-29.0,-26.95,-26.37,-24.0,-24.0,-16.914,-2.647,-2.647,-2.647,-0.016,5.965,10.449,19.754,21.0,32.0,119.0,0.137,0.137,-1.23,-1.23,0.348,0.348,0.69,6.37,6.37,6.37,6.17,4.18,4.06,1.05,0.2,-0.329
Os,811.0,-0.272,-1.1,-191.0,-29.86,-28.33,-28.12,-26.0,-26.0,-16.903,-2.469,-2.469,-2.469,-0.351,5.74,10.905,19.904,28.0,28.0,143.0,0.034,0.034,-1.1,-1.1,0.471,0.471,0.74,6.41,6.41,6.41,6.21,4.26,4.0,1.35,-0.212,-0.212
Os,812.0,-0.466,-1.28,-201.0,-28.0,-26.07,-25.76,-24.0,-24.0,-16.114,-2.881,-2.881,-2.881,-0.123,6.155,11.729,20.875,28.0,146.0,166.0,0.195,0.473,-1.28,-1.28,0.316,0.316,0.65,6.15,6.15,6.15,6.08,4.21,4.02,1.14,-0.045,-0.29
Os,813.0,-0.657,-1.66,-200.22,-29.22,-27.71,-27.44,-25.22,-17.83,-17.827,-3.319,-3.319,-3.319,-0.91,5.459,12.512,21.39,28.78,28.78,183.78,-0.286,-0.286,-1.66,-1.66,0.356,0.593,0.58,6.44,6.44,6.44,6.29,4.26,4.04,1.18,0.138,0.138
Os,814.0,-0.48,-1.66,-201.0,-28.0,-26.65,-26.34,-25.0,-22.0,-16.206,-2.409,-2.409,-2.409,-0.092,7.066,11.888,20.404,25.0,172.0,189.0,-0.237,-0.237,-1.66,-1.66,-0.252,0.653,0.75,6.24,6.24,6.24,6.19,4.25,4.06,1.17,-0.006,-0.517
Os,815.0,-0.599,-1.7,-103.24,-28.21,-26.47,-26.16,-24.0,-24.0,-16.659,-2.948,-2.948,-2.948,-0.06,6.933,10.329,18.915,21.0,53.0,186.0,0.039,0.13,-1.7,-1.7,0.576,0.576,0.88,6.47,6.47,6.47,6.33,4.18,4.02,0.62,0.073,-0.27
Os,816.0,-0.81,-1.7,-176.19,-28.19,-25.65,-25.44,-22.19,-22.19,-16.173,-2.778,-2.778,-2.778,0.275,6.819,13.51,22.404,24.81,113.81,198.81,-0.123,0.117,-1.7,-1.7,0.624,0.624,0.9,6.36,6.36,6.36,6.22,4.24,4.02,0.79,0.131,-0.453
Os,817.0,-1.078,-1.7,-138.06,-27.26,-25.15,-24.82,-22.06,-22.06,-16.352,-3.116,-3.116,-3.116,0.326,5.814,21.406,35.967,57.94,238.94,310.94,-0.273,0.135,-1.7,-1.7,0.697,0.697,0.77,6.25,6.25,6.25,6.15,4.27,4.17,0.41,0.338,-0.391
Os,818.0,-0.911,-1.7,-135.0,-28.0,-26.43,-26.08,-24.0,-24.0,-16.732,-3.618,-3.618,-3.618,-0.493,5.266,11.458,22.666,29.0,236.0,326.0,-0.289,0.145,-1.7,-1.7,0.743,0.743,0.91,6.18,6.18,6.18,6.2,4.26,4.04,0.33,0.443,-0.409
Os,819.0,-0.874,-1.7,-133.0,-28.0,-26.41,-26.15,-25.0,-25.0,-22.999,-21.11,-14.083,-3.054,-0.154,5.21,13.321,24.371,32.0,293.0,362.0,-0.047,0.176,-1.7,-1.7,-0.343,-0.343,0.44,1.58,1.87,6.13,6.1,4.28,4.06,0.52,0.618,-0.694
Os,820.0,-0.871,-0.99,-210.18,-53.18,-51.55,-51.22,-49.18,-34.18,-29.025,-17.87,-5.05,-3.858,-0.431,0.407,7.237,32.856,43.82,251.82,362.82,0.493,0.493,-0.99,-0.99,0.866,1.422,1.31,5.4,5.71,5.94,5.84,5.61,5.2,0.3,0.736,-0.566
Os,821.0,-0.883,-0.72,-200.26,-27.24,-25.24,-24.87,-22.26,-22.26,-14.802,-2.729,-2.729,-2.729,-0.086,7.119,12.541,23.276,33.74,199.74,322.74,0.611,0.611,-0.72,-0.72,1.018,1.018,1.18,6.29,6.29,6.29,6.3,3.84,3.57,0.64,1.236,-0.537
Os,822.0,-0.894,-0.72,-200.43,-29.25,-26.93,-26.12,-23.43,-23.43,-17.258,-3.897,-3.897,-3.897,-0.862,6.814,12.905,25.144,31.57,88.57,191.57,0.408,0.827,-0.72,-0.72,1.074,1.074,1.27,6.49,6.49,6.49,6.47,3.92,3.64,0.36,-0.13,-0.619
Os,823.0,-0.788,-0.52,-200.94,-27.61,-26.13,-24.34,-21.94,-21.94,-15.9,-2.965,-2.965,-2.965,-0.535,6.739,13.495,25.005,32.6,32.6,183.06,0.466,0.466,-0.52,-0.52,1.079,1.079,1.2,6.49,6.49,6.49,6.51,3.86,3.57,0.41,-0.43,-0.43
Os,824.0,-0.94,-0.52,-200.63,-27.59,-25.66,-24.86,-22.63,-16.63,-16.14,-2.723,-2.723,-2.723,-0.408,6.643,13.355,25.272,31.37,142.37,159.37,0.672,0.768,-0.52,-0.52,0.964,0.917,1.0,6.44,6.44,6.44,6.44,3.9,3.61,0.38,-0.384,-0.746
Os,825.0,-0.888,-0.61,-194.83,-30.69,-29.02,-27.97,-25.83,-16.82,-16.82,-2.838,-2.838,-2.838,-0.267,7.679,14.431,25.118,31.17,82.17,155.17,0.501,0.501,-0.61,-0.61,0.819,1.01,1.01,6.66,6.66,6.66,6.59,3.83,3.61,0.44,0.098,-0.379
Os,826.0,-1.111,-0.61,-200.8,-26.8,-25.07,-24.87,-22.8,-15.978,-15.978,-3.08,-3.08,-3.08,-0.584,7.235,13.681,26.351,30.2,80.2,170.2,0.67,0.67,-0.61,-0.61,0.921,1.06,1.06,6.33,6.33,6.33,6.36,3.78,3.65,0.2,-0.584,-0.592
Os,827.0,-1.324,-0.59,-200.61,-27.58,-25.28,-24.36,-21.61,-16.61,-15.82,-3.09,-3.09,-3.09,-0.761,7.145,13.495,25.199,29.39,65.39,226.39,0.802,0.94,-0.59,-0.59,1.242,1.193,1.26,6.46,6.46,6.46,6.47,3.78,3.6,0.35,-0.551,-0.659
Os,828.0,-1.333,-0.59,-201.0,-27.0,-24.73,-24.4,-22.0,-22.0,-15.142,-2.811,-2.811,-2.811,-0.528,7.339,13.66,26.142,30.0,136.0,283.0,0.818,1.094,-0.59,-0.59,1.19,1.19,1.41,6.4,6.4,6.4,6.44,3.81,3.6,0.24,-0.407,-0.931
Os,829.0,-1.628,-0.59,-200.93,-26.93,-24.68,-24.47,-21.93,-21.93,-14.979,-2.795,-2.795,-2.795,-0.552,7.765,13.823,25.428,29.07,210.07,314.07,0.661,1.079,-0.59,-0.59,1.29,1.29,1.5,6.43,6.43,6.43,6.43,3.8,3.61,0.44,-0.269,-1.283
Os,830.0,-1.668,-0.59,-200.26,-28.26,-25.68,-25.13,-22.26,-22.26,-15.23,-3.169,-3.169,-3.169,-0.816,7.351,13.578,25.017,33.74,95.74,319.74,0.822,1.13,-0.59,-0.59,1.323,1.323,1.48,6.51,6.51,6.51,6.54,3.78,3.6,0.35,-0.666,-0.545
Os,831.0,-1.597,-0.58,-200.32,-27.32,-25.05,-24.67,-22.32,-22.32,-14.917,-2.75,-2.75,-2.75,-0.53,7.862,14.005,25.892,33.33,135.68,325.68,0.841,1.236,-0.58,-0.58,1.302,1.302,1.58,6.59,6.59,6.59,6.61,3.83,3.6,0.33,-0.535,-0.686
Os,832.0,-1.611,-0.58,-200.68,-27.68,-25.57,-25.26,-22.68,-21.68,-16.024,-3.361,-3.361,-3.361,-1.209,6.97,13.299,24.645,33.32,158.32,311.32,0.72,0.98,-0.58,-0.58,1.334,1.572,1.57,6.5,6.5,6.5,6.53,3.92,3.62,0.37,-0.398,-0.768
Os,833.0,-1.654,-0.63,-200.0,-29.0,-26.12,-24.99,-22.0,-22.0,-15.103,-2.719,-2.719,-2.719,-0.134,7.169,13.024,24.527,36.0,194.0,321.0,0.669,1.288,-0.63,-0.63,1.364,1.364,1.34,6.29,6.29,6.29,6.28,3.8,3.57,0.55,0.088,-1.038
Os,834.0,-1.707,-0.63,-202.1,-26.97,-24.78,-24.53,-22.1,-14.94,-14.937,-3.15,-3.15,-3.15,-0.725,6.619,13.657,24.84,29.9,117.9,274.9,0.989,0.989,-0.63,-0.63,1.172,1.295,1.35,6.14,6.14,6.14,6.16,3.87,3.61,0.47,-0.293,-0.898
Os,835.0,-1.623,-0.63,-200.62,-30.43,-28.44,-28.1,-25.62,-25.62,-21.898,-15.272,-13.831,-5.099,-1.332,5.882,12.835,22.892,29.38,29.38,188.38,0.846,0.846,-0.63,-0.63,1.208,1.208,1.47,2.31,2.36,6.07,6.13,3.88,3.56,0.3,-0.762,-0.762
Os,836.0,-1.636,-1.16,-200.46,-31.4,-28.92,-28.65,-25.46,-22.4,-22.399,-14.439,-8.18,-2.873,-0.323,4.306,8.225,26.219,37.54,156.54,201.54,0.468,0.492,-1.16,-1.16,0.966,1.046,0.96,4.16,4.49,6.32,6.38,4.74,4.6,0.32,-0.692,-1.139
Os,837.0,-1.684,-1.13,-74.63,-27.63,-25.74,-24.8,-21.63,-21.63,-13.818,-3.032,-3.032,-3.032,-0.384,6.139,12.88,23.353,35.37,139.37,171.37,0.11,0.128,-1.13,-1.13,0.985,0.985,1.38,6.08,6.08,6.08,6.08,3.84,3.57,0.29,-0.726,-1.358
Os,838.0,-1.574,-1.13,-200.99,-26.38,-24.62,-24.15,-21.99,-20.99,-13.774,-3.088,-3.088,-3.088,-0.574,5.737,15.144,25.529,45.01,121.01,153.01,0.042,0.042,-1.13,-1.13,0.312,1.004,1.48,6.1,6.1,6.1,6.16,3.79,3.57,0.28,-0.448,-1.463
Os,839.0,-1.557,-1.13,-190.65,-29.65,-27.91,-26.74,-23.65,-23.65,-15.867,-2.696,-2.696,-2.696,-0.048,8.976,17.96,30.744,43.35,43.35,45.35,0.032,0.032,-1.13,-1.13,0.933,0.933,1.37,6.84,6.84,6.84,6.9,4.06,3.54,-0.4,-1.436,-1.436
Os,840.0,-1.632,-1.13,-203.07,-30.07,-29.05,-28.6,-27.07,-19.07,-17.841,-3.438,-3.438,-3.438,-0.885,9.65,17.401,32.737,43.93,43.93,45.93,0.143,0.143,-1.13,-1.13,0.787,0.848,1.0,6.84,6.84,6.84,6.92,3.86,3.57,-0.67,-1.351,-1.351
Os,841.0,-1.572,-1.0,-148.67,-33.67,-31.14,-19.71,-16.67,-16.67,-16.393,-3.56,-3.56,-3.56,-1.083,9.071,14.934,31.571,36.57,36.57,42.33,0.688,0.688,-1.0,-1.0,1.024,1.024,1.06,6.57,6.57,6.57,6.59,3.85,3.49,-0.72,-1.132,-1.132
Os,842.0,-1.632,-0.84,-145.69,-31.69,-29.4,-27.27,-24.69,-24.69,-16.391,-3.285,-3.285,-3.285,-0.975,9.031,14.952,31.53,31.53,31.53,57.31,0.688,0.688,-0.84,-0.84,0.88,0.88,1.05,6.72,6.72,6.72,6.77,3.82,3.52,-0.7,-0.631,-0.631
Os,843.0,-1.625,-0.84,-144.84,-42.84,-40.61,-39.23,-36.84,-17.84,-16.61,-3.419,-3.419,-3.419,-1.237,8.524,14.679,31.23,31.23,49.16,75.16,0.644,0.644,-0.84,-0.84,0.751,0.893,1.05,6.6,6.6,6.6,6.6,3.9,3.53,-0.66,-0.69,-1.658
Os,844.0,-1.642,0.22,-200.83,-174.83,-174.46,-172.45,-171.83,-23.83,-15.945,-2.781,-2.781,-2.781,-0.471,9.467,15.538,32.101,46.17,52.17,179.17,0.465,0.465,0.22,0.22,0.636,0.594,1.22,6.58,6.58,6.58,6.55,3.85,3.54,-0.68,-1.244,-1.608
Os,845.0,-1.637,-0.75,-200.88,-28.88,-27.33,-27.13,-25.88,-24.88,-16.641,-3.195,-3.195,-3.195,-1.15,9.265,14.902,31.466,43.12,43.12,50.12,0.66,0.66,-0.75,-0.75,0.385,1.156,1.47,6.61,6.61,6.61,6.68,3.83,3.53,-0.69,-1.348,-1.348
Os,846.0,-1.635,-0.81,-179.55,-29.55,-27.53,-26.58,-23.55,-23.55,-16.851,-3.18,-3.18,-3.18,-0.901,9.4,15.061,31.636,55.45,67.45,94.45,0.538,0.538,-0.81,-0.81,1.21,1.21,1.28,6.55,6.55,6.55,6.56,3.78,3.54,-0.67,-1.516,-1.709
Os,847.0,-1.651,-0.65,-181.52,-29.52,-27.43,-26.11,-23.52,-23.52,-17.055,-3.267,-3.267,-3.267,-0.827,9.231,14.429,30.992,31.48,51.48,100.48,0.525,0.742,-0.65,-0.65,1.078,1.078,1.22,6.61,6.61,6.61,6.65,3.85,3.52,-0.69,-0.905,-1.657
Os,848.0,-1.66,-0.62,-180.54,-28.54,-26.76,-26.54,-24.54,-16.12,-16.12,-3.267,-3.267,-3.267,-0.6,9.172,14.323,30.766,47.46,137.46,204.46,0.86,0.86,-0.62,-0.62,1.048,1.489,1.43,6.65,6.65,6.65,6.73,3.83,3.51,-0.64,-1.635,-1.593
Os,849.0,-1.728,-0.57,-179.94,-29.94,-27.58,-25.73,-22.94,-22.94,-16.028,-3.7,-3.7,-3.7,-0.784,7.984,14.568,31.163,52.06,52.06,165.06,0.93,1.004,-0.57,-0.57,1.288,1.288,1.5,6.68,6.68,6.68,6.71,4.01,3.58,-0.67,-1.482,-1.482
Os,850.0,-1.585,-0.57,-186.49,-28.08,-25.69,-25.32,-22.49,-22.49,-15.413,-2.799,-2.799,-2.799,-0.29,8.603,14.962,31.506,79.51,192.51,197.51,0.764,1.077,-0.57,-0.57,1.381,1.381,1.65,6.8,6.8,6.8,6.85,3.88,3.49,-0.65,-1.328,-1.44
Os,851.0,-1.662,-0.26,-195.18,-28.18,-26.54,-25.49,-23.18,-23.18,-15.365,-3.297,-3.297,-3.297,-0.064,8.534,15.506,30.813,71.82,189.82,220.82,0.668,0.831,-0.26,-0.26,1.279,1.279,1.52,6.67,6.67,6.67,6.65,3.83,3.51,-0.67,-1.039,-1.516
Os,852.0,-1.517,-0.16,-202.73,-28.73,-27.64,-27.36,-25.73,-25.73,-18.716,-3.327,-3.327,-3.327,0.099,4.156,11.734,37.198,67.27,202.27,272.27,0.842,0.992,-0.16,-0.16,1.56,1.56,1.58,6.59,6.59,6.59,6.63,5.43,4.99,-0.65,-0.915,-1.423
Os,853.0,-1.546,-1.04,-208.31,-28.14,-25.74,-25.43,-23.31,-21.31,-14.839,-2.956,-2.956,-2.956,0.378,7.578,13.874,30.161,65.69,227.69,291.69,0.818,0.956,-1.04,-1.04,0.724,1.768,1.94,6.64,6.64,6.64,6.68,4.71,4.51,-0.62,-0.886,-1.568
Os,854.0,-1.521,-1.04,-200.42,-27.42,-25.04,-25.02,-21.42,-21.42,-15.332,-2.561,-2.561,-2.561,0.622,7.709,12.536,28.88,57.58,96.58,208.58,0.546,0.546,-1.04,-1.04,1.361,1.361,1.51,6.69,6.69,6.69,6.64,4.75,4.55,-0.64,-1.132,-1.355
Os,855.0,-1.736,-1.04,-196.67,-30.67,-28.1,-27.81,-24.67,-24.67,-15.877,-2.785,-2.785,-2.785,-0.199,9.632,15.31,30.788,65.33,203.33,304.33,0.645,0.734,-1.04,-1.04,1.124,1.124,1.53,6.87,6.87,6.87,6.87,3.91,3.57,-0.27,-0.328,-1.196
Os,856.0,-1.765,-1.04,-195.42,-30.42,-28.19,-27.67,-24.42,-24.42,-16.517,-2.761,-2.761,-2.761,-0.178,10.095,15.573,30.83,50.58,144.58,245.58,0.447,0.447,-1.04,-1.04,1.125,1.125,1.49,6.82,6.82,6.82,6.86,3.76,3.57,-0.29,-0.719,-1.154
Os,857.0,-1.676,-1.04,-200.89,-28.89,-26.87,-26.47,-22.89,-22.89,-15.853,-2.816,-2.816,-2.816,0.1,10.102,15.958,31.207,60.11,236.11,240.11,0.306,0.306,-1.04,-1.04,1.345,1.345,1.53,6.84,6.84,6.84,6.96,3.81,3.56,-0.33,-0.906,-1.222
Os,858.0,-1.676,-1.04,-200.78,-29.78,-27.81,-26.88,-23.78,-23.78,-16.628,-2.834,-2.834,-2.834,-0.029,8.432,13.754,35.428,82.22,254.22,256.22,0.272,0.272,-1.04,-1.04,1.024,1.024,1.22,6.8,6.8,6.8,6.88,4.49,4.2,-0.33,-0.537,-1.398
Os,859.0,-1.676,-1.04,-200.34,-29.34,-27.47,-27.14,-24.34,-24.34,-16.746,-2.715,-2.715,-2.715,0.001,9.996,15.763,31.026,44.66,76.66,253.66,0.184,0.342,-1.04,-1.04,1.037,1.037,1.26,6.97,6.97,6.97,6.97,3.84,3.58,-0.32,-0.604,-0.934
Os,860.0,-1.704,-1.04,-200.03,-30.03,-27.99,-26.86,-24.03,-24.03,-17.34,-2.868,-2.868,-2.868,-0.407,10.022,15.427,33.04,38.97,222.97,232.97,0.32,0.32,-1.04,-1.04,0.844,0.844,1.1,6.97,6.97,6.97,7.01,3.9,3.65,-0.97,-0.982,-1.036
Os,861.0,-1.621,-1.75,-200.58,-29.58,-27.51,-26.98,-24.58,-17.57,-17.568,-2.634,-2.634,-2.634,0.035,10.565,15.723,33.382,71.42,71.42,83.42,0.321,0.321,-1.75,-1.75,0.65,1.228,1.11,6.98,6.98,6.98,7.05,3.82,3.6,-0.97,-1.636,-1.636
Os,862.0,-1.547,-1.75,-167.74,-72.74,-70.07,-69.54,-66.74,-24.74,-15.652,-15.652,-2.985,-2.985,0.031,3.905,9.582,33.017,55.26,55.26,81.26,0.632,0.92,-1.75,-1.75,1.055,1.458,1.88,1.88,6.87,6.87,6.89,5.59,5.38,-0.98,-1.402,-1.402
Os,863.0,-1.586,-0.4,-161.34,-27.34,-25.38,-25.12,-23.21,-23.21,-20.602,-20.602,-16.085,-2.886,-0.028,4.515,10.229,33.685,53.66,53.66,57.66,0.855,1.11,-0.4,-0.4,1.069,1.069,1.1,1.1,1.26,7.03,7.08,5.52,5.35,-0.99,-1.642,-1.642
Os,864.0,-1.635,-0.4,-233.45,-27.45,-25.23,-24.67,-22.45,-22.45,-20.564,-20.564,-16.453,-2.567,0.219,4.669,11.051,34.759,39.77,39.77,41.55,0.764,1.08,-0.4,-0.4,1.082,1.082,1.02,1.02,1.18,6.83,6.83,5.58,5.43,-0.88,-1.126,-1.126
Os,865.0,-1.402,-0.24,-211.47,-101.47,-99.84,-47.97,-46.47,-32.47,-18.042,-18.042,-16.799,-3.198,0.269,4.774,11.553,34.842,46.53,46.53,46.53,0.784,0.846,-0.24,-0.24,0.757,1.009,1.25,1.25,1.19,6.84,7.2,5.51,5.26,-1.02,-1.402,-1.402
Os,866.0,-1.61,0.05,-219.01,-27.01,-25.57,-24.19,-22.01,-22.01,-18.01,-4.01,-4.01,-4.01,0.31,13.31,37.99,44.99,49.99,55.33,59.99,0.796,1.013,0.05,0.05,1.504,1.504,1.382,6.81,6.81,6.81,6.853,3.12,2.607,0.33,-0.313,-0.691
Os,867.0,-1.43,0.11,-270.4,-40.4,-39.17,-38.22,-35.57,-35.57,-35.57,-35.57,-24.23,-10.4,1.26,4.805,8.696,33.089,36.6,43.6,44.6,0.866,0.93,0.11,0.11,1.874,1.874,1.874,1.874,2.104,6.856,6.74,5.22,5.04,-0.8,-0.842,-0.998
Os,868.0,-1.67,0.11,-295.86,-29.86,-28.8,-28.57,-27.86,-27.86,-25.693,-23.528,-16.822,-8.121,0.91,11.933,14.592,23.251,24.14,55.14,57.14,0.71,1.028,0.11,0.11,0.726,0.726,1.61,2.45,2.6,6.03,5.92,2.26,1.91,-1.4,-1.311,-1.512
Os,869.06,1.486,0.18,-203.19,-82.19,-80.69,-58.8,-57.19,-48.43,-48.43,-37.19,-15.19,-8.19,-8.19,-8.19,2.81,2.81,2.81,2.81,2.81,1.032,1.177,0.18,0.18,1.248,1.267,1.267,5.594,5.745,4.763,4.763,4.763,1.486,1.486,1.486,1.486
Os,870.0,-1.581,-0.84,-200.18,-31.03,-28.7,-28.08,-25.18,-25.18,-20.236,-8.12,-8.12,-8.12,1.515,12.849,19.288,39.48,51.11,51.11,52.82,0.713,0.713,-0.84,-0.84,1.095,1.095,1.27,6.11,6.11,6.11,6.05,4.4,3.94,2.7,-0.815,-0.815
Os,871.0,-1.582,-0.84,-184.37,-31.37,-28.74,-26.34,-23.37,-23.37,-14.538,-3.074,-3.074,-3.074,0.85,21.562,22.04,23.194,76.63,118.63,206.63,0.723,0.916,-0.84,-0.84,1.143,1.143,1.54,6.16,6.16,6.16,6.1,0.76,0.76,0.3,1.124,-1.087
Os,872.0,-1.592,-0.84,-145.52,-26.52,-23.95,-23.54,-20.52,-20.52,-14.034,-3.352,-3.352,-3.352,0.79,27.199,34.02,34.02,42.48,42.48,77.48,0.845,0.999,-0.84,-0.84,1.318,1.318,1.57,6.09,6.09,6.09,6.06,-0.87,-1.32,-1.32,-1.439,-1.439
Os,873.0,-1.606,-0.73,-200.97,-24.86,-23.32,-22.97,-20.97,-20.97,-14.277,-2.66,-2.66,-2.66,0.757,16.102,16.599,29.804,34.03,124.03,135.03,0.668,0.668,-0.73,-0.73,1.087,1.087,1.52,6.16,6.16,6.16,6.05,1.93,1.93,-1.03,-1.624,-1.563
Os,874.0,-1.622,-0.98,-200.35,-26.35,-24.28,-23.83,-21.35,-18.35,-14.352,-2.69,-2.69,-2.69,0.782,0.782,6.753,29.066,32.65,108.65,156.65,0.743,0.743,-0.98,-0.98,1.088,1.281,1.44,6.2,6.2,6.2,6.13,6.13,4.49,-0.8,-1.108,-1.721
Os,875.0,-1.664,-0.98,-203.41,-28.41,-26.25,-25.87,-23.41,-23.41,-14.735,-3.151,-3.151,-3.151,0.061,26.267,28.257,28.257,29.59,38.59,38.59,0.735,0.98,-0.98,-0.98,1.255,1.255,1.63,6.25,6.25,6.25,6.14,-0.92,-0.83,-0.83,-1.218,-1.664
Os,876.0,-1.73,-0.91,-200.36,-25.44,-23.68,-23.43,-21.36,-21.36,-14.701,-2.717,-2.717,-2.717,0.506,26.751,28.784,28.784,32.64,32.64,53.64,0.647,0.941,-0.91,-0.91,1.264,1.264,1.62,6.23,6.23,6.23,6.15,-0.79,-0.87,-0.87,-1.464,-1.464
Os,877.0,-1.64,-0.88,-200.38,-25.38,-23.4,-23.06,-20.38,-20.38,-14.192,-2.096,-2.096,-2.096,1.367,22.309,31.819,31.819,62.62,129.62,131.62,0.64,0.64,-0.88,-0.88,1.184,1.184,1.53,6.22,6.22,6.22,6.12,0.49,-0.12,-0.12,-0.028,-1.524
Os,878.0,-1.608,-0.85,-200.97,-24.97,-22.92,-22.58,-19.97,-19.97,-14.077,-2.391,-2.391,-2.391,1.275,9.295,25.893,25.893,94.03,109.03,111.03,0.746,0.857,-0.85,-0.85,1.324,1.324,1.57,6.21,6.21,6.21,6.13,3.88,0.44,0.44,-1.26,-1.444
Os,879.0,-1.673,-0.82,-199.9,-36.41,-33.67,-33.34,-28.9,-28.9,-19.218,-6.247,-6.247,-6.247,3.24,11.186,20.588,42.025,47.1,72.1,241.1,0.876,1.014,-0.82,-0.82,2.142,2.142,2.14,7.68,7.68,7.68,7.45,5.12,4.78,-0.41,-0.904,-1.366
Os,880.0,-1.597,-0.78,-201.0,-38.45,-36.37,-36.0,-34.0,-31.0,-22.016,-17.782,-12.627,-2.779,-0.281,8.496,18.193,38.911,45.0,71.0,223.0,0.848,0.955,-0.78,-0.78,0.889,2.006,2.15,3.76,3.86,7.74,7.76,5.17,4.79,-0.41,-0.707,-1.491
Os,881.0,-1.717,-0.75,-200.0,-30.0,-27.48,-27.16,-25.0,-24.0,-15.934,-2.784,-2.784,-2.784,-0.451,8.477,16.46,37.562,72.0,106.0,113.0,0.891,0.988,-0.75,-0.75,0.743,1.576,2.2,7.67,7.67,7.67,7.7,5.16,4.8,-0.46,-1.611,-1.466
Os,882.0,-1.704,-0.72,-204.0,-29.62,-27.51,-27.18,-24.0,-24.0,-16.242,-3.35,-3.35,-3.35,-0.442,8.801,16.375,37.708,42.0,58.0,69.0,0.725,0.9,-0.72,-0.72,1.724,1.724,2.18,7.59,7.59,7.59,7.65,5.14,4.8,-0.35,-0.726,-1.525
Os,883.0,-1.734,-0.61,-200.07,-34.07,-31.31,-30.88,-27.07,-27.07,-16.634,-3.165,-3.165,-3.165,-0.395,9.405,16.369,37.35,40.93,55.93,90.93,0.874,1.229,-0.61,-0.61,1.927,1.927,2.13,7.74,7.74,7.74,7.83,5.16,4.8,-0.44,-0.591,-1.316
Os,884.0,-1.67,-0.65,-201.0,-31.0,-28.44,-27.02,-23.0,-23.0,-16.718,-3.137,-3.137,-3.137,-0.344,9.392,16.455,38.519,41.0,59.0,60.0,0.931,1.058,-0.65,-0.65,2.027,2.027,2.11,7.87,7.87,7.87,7.97,5.19,4.79,-0.28,-0.613,-1.731
Os,885.0,-1.744,-0.65,-200.0,-31.0,-28.23,-27.55,-24.0,-24.0,-16.401,-3.091,-3.091,-3.091,-0.166,10.236,16.493,37.755,40.0,48.0,63.0,1.012,1.194,-0.65,-0.65,1.718,1.718,2.18,7.85,7.85,7.85,7.95,5.08,4.74,-0.37,-0.32,-0.822
Os,886.0,-1.672,-0.89,-201.0,-30.44,-27.95,-27.54,-24.0,-24.0,-16.436,-3.126,-3.126,-3.126,-0.224,9.676,16.467,37.273,39.0,49.0,54.0,0.958,0.958,-0.89,-0.89,1.733,1.733,2.12,7.84,7.84,7.84,7.91,5.06,4.73,-0.43,-0.39,-1.55
Os,887.0,-1.686,-1.3,-193.0,-32.0,-30.13,-29.77,-28.0,-26.0,-16.659,-3.011,-3.011,-3.011,0.351,9.749,16.244,36.38,42.0,53.0,57.0,0.778,0.898,-1.3,-1.3,0.78,1.892,2.11,7.88,7.88,7.88,7.99,5.08,4.74,-0.3,-0.857,-1.64
Os,888.0,-1.667,-0.91,-200.0,-30.0,-28.0,-27.32,-24.0,-24.0,-16.475,-3.276,-3.276,-3.276,0.018,6.486,12.682,34.852,38.0,43.0,49.0,0.632,0.632,-0.91,-0.91,1.643,1.643,2.1,7.75,7.75,7.75,7.76,5.16,4.84,-0.71,-0.802,-1.297
Os,889.0,-1.659,1.14,-200.0,-30.0,-30.0,-30.0,-30.0,-22.0,-14.39,-3.367,-3.367,-3.367,0.075,5.9,13.044,34.464,38.0,38.0,53.0,1.108,1.145,1.14,1.14,1.145,1.645,2.35,7.6,7.6,7.6,7.67,5.2,4.81,-0.78,-0.848,-0.848
Os,890.0,-1.678,-0.61,-201.0,-30.43,-28.64,-28.38,-27.0,-24.0,-14.484,-2.845,-2.845,-2.845,-0.482,6.574,13.032,35.371,48.0,48.0,50.0,0.586,0.586,-0.61,-0.61,0.313,1.948,2.36,7.72,7.72,7.72,7.79,5.21,4.8,-0.92,-1.669,-1.669
Os,891.0,-1.7,-0.61,-201.0,-31.0,-29.02,-27.42,-26.0,-23.0,-15.91,-2.969,-2.969,-2.969,-0.195,7.566,16.436,41.247,48.0,48.0,54.0,0.691,0.713,-0.61,-0.61,0.336,1.845,2.08,7.59,7.59,7.59,7.73,5.25,4.8,-0.87,-1.561,-1.561
Os,892.0,-1.624,-0.61,-191.0,-69.0,-64.75,-32.44,-32.0,-28.0,-16.44,-3.039,-3.039,-3.039,-0.049,7.358,15.545,39.388,45.0,48.0,52.0,2.027,2.224,-0.61,-0.61,-0.315,1.514,2.05,7.47,7.47,7.47,7.54,5.29,4.79,-0.72,-1.172,-1.581
Os,893.0,-1.738,-0.61,-189.0,-39.0,-37.22,-34.58,-31.0,-31.0,-20.837,-18.557,-15.775,-3.498,-0.045,6.891,16.52,41.501,45.0,45.0,62.0,0.388,0.578,-0.61,-0.61,1.776,1.776,2.03,2.36,2.47,7.42,7.56,5.22,4.77,-0.7,-0.77,-0.77
Os,894.0,-1.647,-0.61,-200.59,-35.59,-33.29,-31.68,-29.59,-27.59,-20.72,-6.062,-2.908,-2.908,5.6,20.939,23.952,49.312,54.41,54.41,64.41,0.124,0.923,-0.61,-0.61,0.78,1.339,1.54,7.05,7.21,7.2,7.24,4.92,4.75,-0.69,-0.932,-0.932
Os,895.0,-1.61,-0.61,-201.0,-35.0,-32.41,-30.17,-27.0,-27.0,-20.273,-14.492,-9.549,-2.992,-0.042,8.032,17.047,38.783,59.0,59.0,84.0,0.326,1.116,-0.61,-0.61,1.506,1.506,1.58,4.23,4.51,7.0,7.08,4.96,4.48,-0.85,-1.272,-1.272
Os,896.0,-1.512,-0.66,-200.45,-28.44,-26.65,-25.51,-22.45,-22.45,-16.137,-3.223,-3.223,-3.223,-0.269,7.67,16.484,34.169,40.55,41.55,124.55,0.295,0.535,-0.66,-0.66,1.377,1.377,1.47,6.9,6.9,6.9,6.89,4.83,4.49,-0.01,-0.323,-0.838
Os,897.0,-1.44,-0.67,-157.97,-27.95,-26.16,-25.74,-22.97,-22.97,-15.661,-3.228,-3.228,-3.228,-0.324,7.452,16.324,34.007,43.03,43.03,165.03,0.52,0.52,-0.67,-0.67,1.174,1.174,1.44,6.74,6.74,6.74,6.82,4.76,4.5,-0.03,-0.56,-0.56
Os,898.0,-0.641,1.0,-140.9,-25.9,-25.9,-25.9,-25.9,-25.9,-15.795,-2.72,-2.72,-2.72,-0.008,7.649,16.292,34.042,65.1,92.1,131.1,0.793,0.995,1.0,1.0,0.995,0.995,1.54,6.91,6.91,6.91,6.91,4.8,4.49,0.16,0.329,0.072
Os,899.0,0.444,-0.6,-201.0,-29.0,-26.72,-24.91,-22.0,-22.0,-15.455,-3.134,-3.134,-3.134,-0.037,6.836,15.574,33.24,74.0,108.0,108.0,0.769,0.917,-0.6,-0.6,1.337,1.337,1.46,6.79,6.79,6.79,6.8,4.74,4.49,-0.04,0.249,0.444
Os,900.0,0.359,-0.58,-200.16,-29.1,-26.78,-25.34,-22.16,-22.16,-15.482,-3.792,-3.792,-3.792,-0.265,6.852,12.799,31.405,42.84,42.84,88.84,0.76,0.97,-0.58,-0.58,1.542,1.542,1.76,6.64,6.64,6.64,6.62,4.53,4.28,-0.26,0.681,0.681
Os,901.0,0.458,-0.62,-200.94,-21.31,-19.94,-19.64,-17.94,-16.94,-12.566,-3.172,-3.172,-3.172,0.232,4.556,8.837,22.561,113.06,113.06,113.06,0.765,0.903,-0.62,-0.62,1.27,1.66,1.72,5.57,5.57,5.57,5.59,4.23,4.07,0.54,0.458,0.458
Os,902.0,0.348,-0.62,-200.74,-22.74,-20.88,-20.64,-17.74,-17.74,-12.859,-3.085,-3.085,-3.085,-0.184,3.793,8.721,22.375,142.26,142.26,142.26,0.791,0.814,-0.62,-0.62,1.614,1.614,1.7,5.76,5.76,5.76,5.57,4.28,4.07,0.5,0.348,0.348
Os,903.0,0.034,-0.91,-201.0,-22.73,-20.54,-20.2,-17.0,-17.0,-12.5,-2.874,-2.874,-2.874,-0.523,3.791,8.798,22.476,43.0,43.0,174.0,0.731,0.838,-0.91,-0.91,1.653,1.653,1.74,5.78,5.78,5.78,5.72,4.28,4.07,0.52,0.862,0.862
Os,904.0,0.459,-0.91,-201.0,-21.0,-19.56,-19.24,-18.0,-17.0,-12.003,-2.666,-2.666,-2.666,0.248,4.352,9.273,23.004,139.0,139.0,203.0,0.69,0.69,-0.91,-0.91,0.47,1.361,1.65,5.68,5.68,5.68,5.67,4.19,4.04,0.5,0.239,0.239
Os,905.0,0.938,-0.9,-201.0,-21.88,-20.07,-19.71,-17.0,-17.0,-12.189,-3.058,-3.058,-3.058,-0.234,3.876,8.984,22.715,86.0,192.0,233.0,0.744,0.744,-0.9,-0.9,1.564,1.564,1.68,5.62,5.62,5.62,5.59,4.21,4.06,0.51,0.418,0.642
Os,906.0,1.114,-0.9,-200.0,-21.0,-19.46,-19.19,-17.0,-17.0,-12.373,-3.053,-3.053,-3.053,0.172,3.776,9.139,22.774,97.0,181.0,263.0,0.718,0.718,-0.9,-0.9,1.408,1.408,1.6,5.68,5.68,5.68,5.69,4.41,4.11,0.43,0.471,0.743
Os,907.0,1.124,-0.87,-200.0,-21.73,-20.16,-19.88,-18.0,-17.0,-12.307,-3.181,-3.181,-3.181,-0.14,3.683,9.211,22.88,144.0,265.0,294.0,0.786,0.786,-0.87,-0.87,1.11,1.541,1.59,5.62,5.62,5.62,5.63,4.39,4.13,0.46,0.549,1.103
Os,908.0,1.182,-0.85,-200.0,-22.0,-19.93,-19.72,-17.0,-17.0,-12.155,-2.848,-2.848,-2.848,0.281,4.022,9.428,23.118,145.0,301.0,324.0,0.739,0.876,-0.85,-0.85,1.414,1.414,1.6,5.65,5.65,5.65,5.65,4.38,4.12,0.48,0.601,1.255
Os,909.0,1.347,-0.75,-200.0,-22.0,-20.18,-19.92,-18.0,-18.0,-12.645,-2.898,-2.898,-2.898,-0.236,4.009,9.043,22.779,36.0,113.0,353.0,0.627,0.982,-0.75,-0.75,1.082,1.082,1.58,5.72,5.72,5.72,5.63,4.34,4.11,0.54,1.392,0.676
Os,910.0,1.357,-0.75,-200.93,-22.36,-20.66,-20.34,-17.93,-17.93,-12.902,-2.983,-2.983,-2.983,-0.082,2.978,8.192,22.452,128.07,201.07,375.07,0.597,0.725,-0.75,-0.75,1.349,1.349,1.46,5.66,5.66,5.66,5.54,4.55,4.32,0.5,0.846,0.821
Os,911.0,1.26,-0.75,-200.43,-27.43,-25.87,-25.54,-23.43,-23.43,-18.496,-8.215,-8.215,-8.215,-3.121,0.04,5.412,21.176,118.57,260.57,424.57,0.609,0.67,-0.75,-0.75,1.172,1.172,1.41,5.95,5.95,5.95,5.96,5.16,5.06,0.52,0.955,0.905
Os,912.0,1.371,-0.26,-200.7,-28.27,-26.64,-26.3,-24.7,-24.7,-13.865,-3.016,-3.016,-3.016,-0.009,4.873,10.632,23.735,64.3,170.3,409.3,0.919,0.994,-0.26,-0.26,0.971,0.971,2.2,6.68,6.68,6.68,6.67,5.18,5.0,0.53,1.133,0.779
Os,913.0,1.458,-0.27,-200.41,-24.29,-22.51,-22.28,-20.41,-20.41,-15.705,-3.001,-3.001,-3.001,0.089,4.361,12.136,25.29,62.59,137.59,372.59,0.808,1.1,-0.27,-0.27,1.171,1.171,1.67,6.77,6.77,6.77,6.85,5.33,4.97,0.47,1.385,0.876
Os,914.0,1.459,-0.33,-200.31,-24.01,-22.57,-22.23,-20.31,-20.31,-15.684,-2.899,-2.899,-2.899,-0.029,4.997,11.208,24.345,81.69,81.69,330.69,0.799,0.868,-0.33,-0.33,1.274,1.274,1.51,6.79,6.79,6.79,6.84,5.26,4.99,0.49,0.832,0.832
Os,915.0,1.4,-0.39,-105.45,-24.54,-22.84,-22.61,-21.45,-20.45,-15.473,-2.954,-2.954,-2.954,0.066,4.607,10.683,23.869,54.55,276.55,293.55,0.9,1.03,-0.39,-0.39,0.575,1.403,1.62,6.81,6.81,6.81,6.82,5.21,4.95,0.48,0.902,1.398
Os,916.0,1.368,-0.54,-200.63,-26.63,-24.47,-24.21,-21.63,-21.63,-16.151,-3.399,-3.399,-3.399,-0.46,4.566,10.072,23.266,63.37,103.37,245.37,0.833,0.949,-0.54,-0.54,1.239,1.239,1.8,6.82,6.82,6.82,6.85,5.2,4.96,0.46,0.978,1.102
Os,917.0,1.231,-0.51,-201.0,-26.0,-24.02,-23.79,-21.0,-21.0,-16.008,-3.191,-3.191,-3.191,-0.266,4.979,9.971,23.09,52.0,203.0,203.0,0.91,0.953,-0.51,-0.51,1.554,1.554,1.73,6.79,6.79,6.79,6.82,5.15,4.98,0.53,1.033,1.231
Os,918.0,1.098,-0.51,-200.0,-26.0,-24.15,-23.81,-21.0,-21.0,-15.824,-3.329,-3.329,-3.329,-0.538,4.939,9.57,22.662,51.0,51.0,152.0,0.813,0.813,-0.51,-0.51,1.497,1.497,1.73,6.88,6.88,6.88,6.98,5.17,4.99,0.5,0.96,0.96
Os,919.0,0.935,-0.51,-168.0,-28.0,-26.3,-25.97,-24.0,-21.0,-16.337,-4.31,-4.31,-4.31,-1.189,4.649,9.548,22.955,55.0,55.0,97.0,0.588,0.794,-0.51,-0.51,1.008,1.627,1.9,6.85,6.85,6.85,6.94,5.2,4.98,0.53,0.831,0.831
Os,920.0,1.106,-0.51,-101.0,-28.0,-26.38,-26.17,-24.0,-20.0,-12.743,-3.585,-3.585,-3.585,-0.532,3.781,9.647,24.75,55.0,55.0,132.0,0.559,0.785,-0.51,-0.51,1.228,1.292,2.43,6.58,6.58,6.58,6.52,5.17,5.01,0.54,0.77,0.77
Os,921.0,1.022,-0.51,-104.85,-29.85,-27.67,-27.33,-23.85,-23.85,-12.375,-3.838,-3.838,-3.838,-0.202,3.245,9.958,24.965,49.15,172.15,192.15,0.755,0.995,-0.51,-0.51,1.887,1.887,2.47,6.39,6.39,6.39,6.47,5.27,4.97,0.53,0.707,1.096
Os,922.0,0.567,-0.61,-201.0,-25.0,-22.73,-21.35,-17.0,-17.0,-11.636,-3.406,-3.406,-3.406,-0.253,3.657,9.432,23.755,45.0,163.0,252.0,0.855,0.902,-0.61,-0.61,2.292,2.292,2.62,6.53,6.53,6.53,6.59,5.2,4.96,0.77,0.817,0.933
Os,923.0,0.994,-0.61,-200.0,-23.98,-22.18,-21.15,-17.0,-17.0,-11.629,-3.141,-3.141,-3.141,-0.18,3.648,9.059,23.377,37.0,63.0,312.0,0.588,0.588,-0.61,-0.61,2.156,2.156,2.57,6.53,6.53,6.53,6.59,5.14,4.94,0.76,1.267,0.814
Os,924.0,1.111,-0.61,-201.0,-24.0,-22.19,-21.93,-18.0,-18.0,-12.17,-3.658,-3.658,-3.658,-0.565,3.356,8.698,22.946,32.0,86.0,371.0,0.686,0.686,-0.61,-0.61,2.198,2.198,2.55,6.55,6.55,6.55,6.58,5.22,4.94,0.75,1.273,0.872
Os,925.0,1.117,-0.61,-201.0,-24.0,-22.26,-21.95,-20.0,-20.0,-11.896,-3.128,-3.128,-3.128,-0.207,3.834,9.105,23.441,38.0,270.0,435.0,0.691,0.839,-0.61,-0.61,1.018,1.018,2.45,6.51,6.51,6.51,6.57,5.16,4.96,0.77,1.043,1.089
Os,926.0,1.044,-0.61,-210.0,-23.0,-21.19,-20.77,-17.0,-17.0,-12.26,-3.261,-3.261,-3.261,-0.49,3.542,8.919,23.196,89.0,323.0,494.0,0.646,0.732,-0.61,-0.61,2.182,2.182,2.36,6.46,6.46,6.46,6.56,5.09,4.96,0.75,1.058,1.207
Os,927.0,0.969,-0.61,-200.78,-22.43,-20.53,-20.33,-16.78,-16.78,-11.154,-3.054,-3.054,-3.054,-0.088,3.695,9.179,23.521,162.22,412.22,539.22,0.723,0.85,-0.61,-0.61,2.119,2.119,2.4,6.41,6.41,6.41,6.53,5.13,4.95,0.77,0.968,1.238
Os,928.0,0.92,-0.61,-200.2,-23.11,-21.22,-20.79,-17.2,-17.2,-11.706,-3.216,-3.216,-3.216,-0.496,3.366,8.869,23.138,94.8,152.8,584.8,0.746,0.844,-0.61,-0.61,2.154,2.154,2.49,6.54,6.54,6.54,6.55,5.18,4.97,0.77,1.516,0.971
Os,929.0,0.88,-0.61,-200.48,-24.48,-22.7,-22.29,-20.48,-17.48,-11.689,-2.885,-2.885,-2.885,-0.397,3.266,8.907,23.114,116.52,242.52,631.52,0.756,0.756,-0.61,-0.61,0.784,2.124,2.36,6.46,6.46,6.46,6.44,5.12,4.97,0.76,1.383,0.672
Os,930.0,0.802,-0.61,-200.68,-23.68,-21.92,-21.62,-19.68,-17.68,-11.714,-2.538,-2.538,-2.538,-0.022,3.611,9.262,23.502,83.32,272.32,694.32,0.857,0.857,-0.61,-0.61,1.008,2.151,2.39,6.49,6.49,6.49,6.49,5.32,4.92,0.75,1.87,0.671
Os,931.0,0.758,-0.61,-200.01,-32.01,-30.03,-28.34,-24.01,-24.01,-16.346,-3.844,-3.844,-3.844,0.152,4.744,12.875,28.862,46.99,316.99,732.99,0.707,0.707,-0.61,-0.61,2.277,2.277,2.65,6.68,6.68,6.68,6.85,5.33,5.04,0.75,1.817,0.619
Os,932.0,0.738,-2.82,-187.02,-88.02,-85.12,-84.74,-81.02,-50.02,-13.058,-2.782,-2.782,-2.782,0.146,3.82,13.315,29.165,83.98,330.98,738.98,-1.542,-0.586,-2.82,-2.82,0.04,2.226,2.67,6.62,6.62,6.62,6.45,5.18,5.05,0.74,1.947,0.655
Os,933.0,0.698,-2.82,-113.61,-37.61,-35.11,-34.83,-30.61,-30.61,-15.566,-2.534,-2.534,-2.534,-0.401,4.655,8.709,24.388,68.39,329.39,704.39,-1.12,-0.968,-2.82,-2.82,0.308,0.308,2.54,6.97,6.97,6.97,6.93,5.26,5.05,0.7,1.679,0.562
Os,934.0,0.679,-2.82,-200.25,-34.25,-32.01,-31.66,-29.25,-29.25,-14.783,-2.64,-2.64,-2.64,-0.314,4.225,8.755,24.421,105.75,175.75,662.75,-1.468,-0.954,-2.82,-2.82,-0.812,-0.812,2.54,6.87,6.87,6.87,6.76,5.3,5.03,0.74,1.476,0.891
Os,935.0,0.653,-2.82,-200.37,-35.08,-32.84,-32.6,-29.37,-29.37,-14.993,-2.779,-2.779,-2.779,-0.242,3.986,8.434,24.003,71.63,257.63,633.63,-1.465,-1.324,-2.82,-2.82,-0.665,-0.665,2.49,6.78,6.78,6.78,6.75,5.28,5.02,0.72,1.402,0.608
Os,936.0,0.74,-2.82,-203.67,-37.67,-35.5,-33.84,-30.67,-30.67,-27.168,-20.02,-15.106,-3.422,-0.601,3.542,8.42,25.664,37.33,206.33,603.33,-1.416,-1.372,-2.82,-2.82,-0.706,-0.706,-0.43,2.08,2.49,6.62,6.57,5.26,5.03,0.24,1.141,0.556
Os,937.0,0.458,-2.6,-200.9,-42.9,-40.72,-39.36,-36.9,-36.9,-33.331,-13.033,-8.757,-2.912,-1.442,3.981,8.973,26.644,65.1,182.1,566.1,-1.147,-1.147,-2.6,-2.6,-0.963,-0.963,-0.46,5.15,5.17,7.06,7.02,5.22,5.01,0.23,0.887,0.356
Os,938.0,0.424,-2.6,-200.18,-41.18,-38.87,-37.12,-34.18,-34.18,-31.03,-24.283,-18.299,-3.204,0.194,2.525,8.426,41.245,158.82,515.82,542.82,-1.062,-1.062,-2.6,-2.6,-0.638,-0.638,-0.47,2.03,2.21,7.56,7.59,6.87,6.7,-0.27,0.44,0.55
Os,939.0,0.43,-2.6,-77.93,-40.93,-38.84,-37.44,-34.93,-34.93,-30.654,-22.826,-17.905,-2.748,-0.709,6.738,11.866,31.101,74.07,310.07,470.07,-1.208,-1.208,-2.6,-2.6,-0.926,-0.926,-0.55,2.17,2.38,7.96,7.96,5.27,5.01,-0.3,0.178,0.655
Os,940.0,0.444,-2.6,-121.54,-40.54,-38.78,-36.24,-34.54,-33.54,-29.467,-22.601,-17.392,-2.361,-0.751,6.917,11.92,31.192,31.46,150.46,410.46,-1.526,-1.43,-2.6,-2.6,-1.47,-0.701,-0.39,2.36,2.5,8.17,8.13,5.39,5.0,-0.25,-0.04,0.568
Os,941.0,0.175,-2.6,-149.65,-47.47,-45.62,-43.25,-39.65,-39.65,-36.208,-27.729,-21.978,-2.926,-0.494,6.894,16.58,35.864,67.35,67.35,244.35,-1.369,-1.369,-2.6,-2.6,-0.202,-0.202,-0.39,2.25,2.43,7.88,7.85,5.31,5.02,-0.31,0.018,0.018
Os,942.0,-0.238,-2.6,-151.83,-51.14,-49.01,-48.08,-44.83,-44.83,-37.509,-27.959,-22.554,-3.935,-0.165,11.555,72.012,91.332,119.17,119.17,177.17,-1.479,-1.179,-2.6,-2.6,-0.436,-0.436,-0.28,2.32,2.45,7.65,7.71,5.75,5.07,-0.25,-0.386,-0.386
Os,943.0,-0.224,-2.6,-127.63,-52.44,-50.54,-49.4,-47.63,-45.63,-38.256,-14.157,-10.103,-1.496,0.112,5.656,30.64,49.919,50.37,118.37,118.37,-1.57,-1.335,-2.6,-2.6,-1.418,-0.572,-0.35,4.53,4.6,7.49,7.46,5.53,5.04,-0.29,-0.042,-0.224
Os,944.0,-0.194,-2.6,-200.62,-41.62,-39.49,-37.9,-34.62,-32.62,-25.008,-24.327,-19.442,-2.616,-0.292,6.047,11.494,30.824,32.38,32.38,125.38,-1.179,-1.179,-2.6,-2.6,-0.41,0.191,0.35,0.47,0.47,7.57,7.53,5.32,5.04,-0.3,-0.076,-0.076
Os,945.0,-0.236,-2.8,-181.0,-43.0,-40.01,-39.74,-36.0,-25.0,-20.14,-2.477,-2.477,-2.477,0.102,6.083,11.532,30.807,36.0,36.0,140.0,-0.806,-0.806,-2.8,-2.8,-0.308,0.573,0.61,7.52,7.52,7.52,7.5,5.27,5.06,-0.3,-0.032,-0.032
Os,946.0,-0.284,-2.8,-200.0,-46.0,-43.65,-43.23,-40.0,-22.0,-19.643,-1.731,-1.731,-1.731,0.519,6.843,11.269,30.525,66.0,118.0,118.0,-1.235,-1.235,-2.8,-2.8,-0.644,0.503,0.45,7.32,7.32,7.32,7.33,5.29,5.06,-0.25,-0.237,-0.284
Os,947.0,-0.447,-2.8,-183.0,-47.0,-44.85,-44.14,-41.0,-30.0,-20.075,-3.06,-3.06,-3.06,0.1,5.681,11.096,30.411,33.0,33.0,115.0,-1.364,-1.364,-2.8,-2.8,-0.705,0.278,0.47,7.05,7.05,7.05,7.07,5.28,5.07,-0.24,-0.364,-0.364
Os,948.0,-0.522,-2.8,-130.0,-47.0,-44.6,-43.41,-40.0,-30.0,-19.311,-2.478,-2.478,-2.478,-0.047,5.133,9.562,28.902,32.0,32.0,150.0,-1.2,-1.2,-2.8,-2.8,-0.527,0.104,0.37,6.7,6.7,6.7,6.73,5.21,5.07,-0.26,-0.298,-0.298
Os,949.0,-0.556,-2.8,-200.0,-46.0,-43.2,-42.54,-39.0,-22.0,-19.184,-2.405,-2.405,-2.405,-0.003,4.794,9.294,28.617,31.0,190.0,190.0,-0.933,-0.933,-2.8,-2.8,-0.44,0.478,0.41,6.77,6.77,6.77,6.69,5.31,5.05,-0.27,-0.235,-0.556
Os,950.0,-0.624,-2.8,-200.0,-46.0,-43.54,-42.32,-39.0,-19.0,-18.196,-2.085,-2.085,-2.085,0.222,4.547,9.613,28.909,30.0,30.0,227.0,-1.163,-1.163,-2.8,-2.8,-0.585,0.449,0.52,6.58,6.58,6.58,6.56,5.25,5.04,-0.29,-0.179,-0.179
Os,951.0,-0.606,-2.8,-200.08,-47.08,-44.67,-43.19,-40.08,-27.08,-18.415,-2.082,-2.082,-2.082,0.685,5.384,9.87,29.178,34.18,174.92,263.92,-1.195,-1.195,-2.8,-2.8,-0.728,0.437,0.67,6.76,6.76,6.76,6.78,5.23,5.04,-0.28,-0.043,-0.373
Os,952.0,-0.652,-2.8,-196.0,-45.0,-42.6,-40.64,-36.0,-36.0,-17.465,-2.821,-2.821,-2.821,0.123,4.697,9.389,28.699,34.0,34.0,308.0,-1.202,-1.202,-2.8,-2.8,0.291,0.291,1.32,6.9,6.9,6.9,6.89,5.21,5.01,-0.31,-0.012,-0.012
Os,953.0,-0.823,-2.8,-201.0,-38.86,-34.16,-32.41,-28.0,-24.0,-16.967,-2.19,-2.19,-2.19,0.139,5.677,9.164,28.424,35.0,246.0,347.0,0.2,0.33,-2.8,-2.8,0.14,1.056,1.38,7.1,7.1,7.1,7.07,5.15,5.01,-0.3,0.08,-0.645
Os,954.0,-0.621,-2.8,-200.0,-38.89,-34.37,-32.83,-28.0,-28.0,-16.919,-2.999,-2.999,-2.999,0.09,5.535,8.505,27.81,33.0,215.0,384.0,0.035,0.216,-2.8,-2.8,0.421,0.421,1.4,7.01,7.01,7.01,7.03,5.17,5.06,-0.23,0.102,-0.314
Os,954.83,-0.492,-3.85,-201.76,-69.76,-65.47,-43.37,-38.76,-35.76,-17.759,-9.217,-5.987,-3.423,-1.818,3.497,7.548,23.961,50.24,135.24,416.24,-0.991,-0.991,-3.85,-3.85,-0.778,-0.78,1.86,6.03,6.2,6.85,7.0,5.18,4.98,1.44,-1.243,-1.196
Os,956.0,-0.43,-1.59,-200.35,-28.35,-26.95,-26.63,-25.35,-22.35,-15.976,-3.266,-3.266,-3.266,0.321,4.069,8.071,26.011,84.65,185.65,440.65,-0.253,-0.253,-1.59,-1.59,-0.374,1.227,1.56,6.76,6.76,6.76,6.8,5.02,4.89,0.34,0.539,-0.088
Os,957.0,-0.425,-1.59,-202.4,-31.4,-29.43,-29.22,-26.4,-23.4,-16.479,-3.113,-3.113,-3.113,0.313,3.853,7.899,25.66,132.6,132.6,474.6,0.2,0.2,-1.59,-1.59,0.973,1.376,1.51,6.67,6.67,6.67,6.62,5.01,4.83,0.38,0.394,0.394
Os,958.0,-0.373,-1.55,-180.0,-47.0,-45.07,-44.78,-42.0,-38.0,-16.3,-3.255,-3.255,-3.255,-0.283,4.11,15.725,31.328,70.0,347.0,493.0,0.131,0.131,-1.55,-1.55,0.868,1.385,2.35,6.88,6.88,6.88,6.89,5.25,4.86,0.85,0.887,-0.084
Os,959.0,-0.373,-1.0,-164.01,-65.01,-64.59,-64.25,-64.01,-58.01,-14.343,-4.223,-4.223,-4.223,-0.389,5.076,13.221,28.902,77.99,77.99,472.99,-0.794,-0.719,-1.0,-1.0,-0.84,1.903,2.82,6.86,6.86,6.86,6.88,5.06,4.86,0.88,0.774,0.774
Os,960.0,-0.301,-1.0,-191.16,-35.16,-34.67,-33.29,-33.16,-27.16,-16.67,-2.838,-2.838,-2.838,-0.012,5.391,9.727,27.547,48.84,94.84,409.84,-0.672,-0.672,-1.0,-1.0,-0.912,1.791,2.21,7.05,7.05,7.05,6.9,5.0,4.87,0.34,0.744,0.684
Os,961.0,-0.24,-1.0,-200.22,-30.22,-29.48,-29.22,-29.22,-23.22,-15.533,-2.501,-2.501,-2.501,0.44,6.556,10.476,28.826,78.78,331.78,331.78,-0.662,-0.506,-1.0,-1.0,-1.0,1.494,1.95,7.21,7.21,7.21,7.34,5.0,4.84,0.43,0.332,-0.24
Os,962.0,-0.168,-1.0,-200.56,-31.56,-30.72,-29.5,-27.56,-23.56,-16.238,-3.179,-3.179,-3.179,-0.293,5.639,9.528,29.203,157.44,157.44,250.44,-0.55,-0.443,-1.0,-1.0,0.294,1.695,1.94,7.37,7.37,7.37,7.54,5.01,4.83,-0.1,0.039,0.039
Os,963.0,-0.132,-1.0,-172.0,-30.0,-28.66,-27.43,-25.0,-23.0,-16.046,-2.794,-2.794,-2.794,0.278,6.195,10.021,30.466,176.0,176.0,176.0,-0.156,-0.109,-1.0,-1.0,0.622,1.474,1.82,7.39,7.39,7.39,7.69,5.2,4.99,-0.11,-0.132,-0.132
Os,964.0,0.008,-1.0,-54.0,-31.53,-29.92,-29.71,-28.0,-23.0,-17.423,-3.054,-3.054,-3.054,-0.199,5.581,9.693,30.186,107.0,107.0,107.0,-0.182,0.074,-1.0,-1.0,0.138,1.618,1.92,7.52,7.52,7.52,7.61,5.27,5.08,-0.12,0.008,0.008
Os,965.0,0.24,-1.0,-200.0,-32.0,-30.89,-29.84,-28.0,-24.0,-17.292,-2.981,-2.981,-2.981,-0.668,4.095,8.209,28.826,78.0,78.0,78.0,-0.26,-0.26,-1.0,-1.0,0.228,0.802,1.56,7.37,7.37,7.37,7.6,5.27,5.06,-0.1,0.24,0.24
Os,966.0,0.569,-1.0,-200.66,-71.66,-70.77,-69.49,-67.53,-44.66,-16.928,-3.59,-3.59,-3.59,-0.386,4.805,8.545,27.496,54.34,68.34,129.34,-0.404,-0.404,-1.0,-1.0,0.307,1.38,1.79,6.99,6.99,6.99,6.95,5.2,5.05,0.21,0.971,0.77
Os,967.0,0.624,-1.0,-199.0,-54.0,-53.01,-52.2,-51.0,-51.0,-20.696,-6.374,-6.374,-6.374,0.244,4.101,11.935,28.582,57.0,151.0,151.0,-0.409,-0.342,-1.0,-1.0,-0.201,-0.201,1.94,7.04,7.04,7.04,6.84,5.44,5.01,0.38,0.998,0.624
Os,968.0,0.845,-0.6,-201.0,-47.0,-46.48,-46.27,-46.0,-24.0,-17.115,-3.076,-3.076,-3.076,-0.1,6.149,10.713,27.327,32.33,32.33,143.0,0.145,0.263,-0.6,-0.6,-0.146,1.806,1.81,7.23,7.23,7.23,7.23,5.3,5.03,0.37,0.961,0.961
Os,969.0,0.839,-0.6,-200.45,-31.24,-29.95,-28.59,-27.45,-24.45,-16.155,-3.451,-3.451,-3.451,-0.134,6.12,10.843,27.545,35.55,35.55,180.55,0.168,0.26,-0.6,-0.6,0.159,1.575,1.96,7.28,7.28,7.28,7.34,5.26,5.05,0.36,1.035,1.035
Os,970.0,0.804,-0.6,-200.72,-29.72,-28.56,-25.22,-21.72,-21.72,-16.259,-2.894,-2.894,-2.894,0.055,6.021,10.878,27.561,34.28,34.28,220.28,-0.045,0.173,-0.6,-0.6,1.735,1.735,1.98,7.4,7.4,7.4,7.43,5.34,5.02,0.4,1.105,1.105
Os,971.0,0.706,-0.6,-200.95,-29.95,-28.4,-25.47,-21.95,-21.95,-16.657,-3.123,-3.123,-3.123,-0.04,5.937,10.96,27.549,28.05,28.05,267.05,0.365,0.432,-0.6,-0.6,1.744,1.744,1.95,7.5,7.5,7.5,7.45,5.37,5.01,0.39,1.38,1.38
Os,972.0,0.665,-0.6,-162.0,-58.0,-56.26,-53.43,-50.0,-33.0,-14.68,-3.217,-3.217,-3.217,-0.314,3.667,9.796,34.653,52.0,52.0,283.0,0.559,0.559,-0.6,-0.6,1.685,2.074,2.98,7.71,7.71,7.71,7.68,6.34,6.08,0.44,1.281,1.281
Os,973.0,0.627,-0.71,-63.81,-53.81,-51.92,-51.59,-48.81,-48.81,-15.723,-2.983,-2.983,-2.983,-0.339,4.858,10.342,35.09,37.19,104.19,267.19,0.515,0.639,-0.71,-0.71,1.275,1.275,2.56,7.51,7.51,7.51,7.52,5.95,5.83,0.48,1.34,1.049
Os,974.0,0.551,-0.71,-59.52,-33.52,-31.66,-29.03,-26.52,-26.52,-18.96,-2.595,-2.595,-2.595,-0.142,7.795,13.102,29.636,45.48,45.48,208.48,0.426,0.532,-0.71,-0.71,0.961,0.961,1.57,7.88,7.88,7.88,7.97,5.25,5.02,0.45,0.985,0.985
Os,975.0,0.374,-0.71,-200.85,-27.85,-27.33,-26.71,-24.85,-22.85,-17.746,-1.439,-1.439,-1.439,0.828,9.104,13.945,32.947,99.15,99.15,99.15,-0.36,-0.36,-0.71,-0.71,0.533,1.104,1.54,7.97,7.97,7.97,8.06,5.23,5.0,-0.17,0.374,0.374
Os,976.0,0.326,-0.71,-201.0,-28.0,-27.52,-27.32,-25.0,-25.0,-19.441,-2.784,-2.784,-2.784,0.277,8.146,14.084,32.773,63.0,63.0,84.0,-0.353,-0.353,-0.71,-0.71,1.006,1.006,1.43,7.86,7.86,7.86,7.85,5.3,5.02,-0.32,0.324,0.324
Os,977.0,0.246,-1.32,-82.0,-32.0,-30.13,-29.81,-28.0,-25.0,-19.753,-4.202,-4.202,-4.202,0.77,8.17,13.781,32.452,76.0,84.0,84.0,0.018,0.064,-1.32,-1.32,0.022,0.966,1.41,7.93,7.93,7.93,8.02,5.33,5.02,-0.28,0.204,0.246
Os,978.0,0.155,-1.32,-86.0,-38.0,-35.86,-28.59,-25.0,-20.58,-20.58,-3.107,-3.107,-3.107,-0.736,4.224,7.592,31.498,65.0,84.0,84.0,0.109,0.109,-1.32,-1.32,1.072,1.322,1.21,7.98,7.98,7.98,7.94,5.7,5.66,-0.28,0.168,0.155
Os,979.0,0.092,-1.32,-149.0,-31.0,-29.04,-28.83,-26.0,-26.0,-20.805,-6.242,-6.242,-6.242,-0.327,6.043,12.44,31.105,75.0,75.0,84.0,-0.018,0.032,-1.32,-1.32,0.632,0.632,1.11,7.89,7.89,7.89,7.84,5.25,4.97,-0.31,0.056,0.056
Os,980.0,0.019,-1.32,-161.0,-40.0,-37.95,-35.14,-32.0,-23.0,-20.974,-18.51,-15.246,-4.77,0.396,5.783,12.323,30.959,84.0,84.0,84.0,-0.092,0.046,-1.32,-1.32,0.77,0.995,1.07,3.29,3.28,7.73,7.71,5.34,4.97,-0.3,0.019,0.019
Os,981.0,-0.06,-1.08,-200.84,-31.84,-29.85,-28.55,-25.84,-20.67,-20.669,-4.05,-4.05,-4.05,-0.539,6.186,12.641,31.465,73.16,84.16,84.16,-0.096,0.245,-1.08,-1.08,0.724,1.203,1.22,7.81,7.81,7.81,7.99,5.27,5.02,-0.24,-0.088,-0.06
Os,982.0,-0.258,-1.08,-201.0,-32.56,-30.65,-28.74,-26.0,-26.0,-21.793,-4.415,-4.415,-4.415,-1.0,6.896,12.92,33.506,84.0,84.0,84.0,-0.223,0.196,-1.08,-1.08,0.749,0.749,1.04,7.87,7.87,7.87,8.03,5.17,4.96,-0.83,-0.258,-0.258
Os,983.0,-0.397,-1.08,-96.0,-31.64,-29.97,-26.89,-24.0,-24.0,-20.861,-3.68,-3.68,-3.68,-0.65,8.671,14.501,34.97,85.0,85.0,85.0,0.036,0.036,-1.08,-1.08,0.848,0.848,1.11,7.95,7.95,7.95,8.1,5.19,4.95,-0.77,-0.397,-0.397
Os,984.0,-0.58,-1.08,-87.0,-32.0,-29.77,-28.3,-25.0,-25.0,-19.263,-3.662,-3.662,-3.662,-0.433,8.191,14.159,34.827,115.0,115.0,115.0,0.106,0.404,-1.08,-1.08,1.122,1.122,1.51,7.96,7.96,7.96,8.09,5.18,4.89,-0.79,-0.58,-0.58
Os,985.0,-0.734,-1.08,-86.74,-31.74,-29.77,-28.59,-25.74,-25.74,-19.567,-3.818,-3.818,-3.818,-0.193,6.552,11.949,32.721,239.26,239.26,239.26,0.105,0.236,-1.08,-1.08,0.817,0.817,1.61,7.35,7.35,7.35,7.43,5.03,4.82,-0.78,-0.734,-0.734
Os,986.0,-0.791,-0.85,-61.99,-27.35,-25.16,-24.74,-21.99,-21.99,-16.779,-4.386,-4.386,-4.386,-0.601,5.857,10.991,27.85,50.01,200.01,313.01,0.554,0.608,-0.85,-0.85,0.98,0.98,1.52,6.54,6.54,6.54,6.55,4.49,4.35,-0.35,0.385,-0.149
Os,987.0,-0.843,-0.77,-200.61,-33.5,-30.85,-30.03,-26.61,-26.61,-23.18,-13.296,-6.807,-3.26,-0.363,2.879,7.79,29.56,114.39,178.39,428.39,0.998,0.998,-0.77,-0.77,1.507,1.507,1.63,5.21,5.37,6.45,6.47,5.68,5.53,0.39,1.22,-0.01
Os,988.0,-0.903,-0.99,-200.0,-200.0,-198.5,-29.5,-28.0,-28.0,-16.562,-4.8,-4.8,-4.8,-1.135,6.097,10.602,22.767,38.0,176.0,428.0,0.014,0.014,-0.99,-0.99,0.014,0.014,1.74,6.73,6.73,6.73,6.81,3.91,3.7,0.36,1.702,-0.035
Os,989.0,-0.93,-1.27,-64.73,-27.73,-25.62,-25.26,-22.73,-22.73,-18.966,-13.194,-11.093,-3.188,0.178,8.601,13.431,25.66,63.27,228.27,446.27,0.363,0.416,-1.27,-1.27,0.753,0.753,1.35,4.12,4.29,6.56,6.52,3.96,3.78,0.34,1.651,0.183
Os,990.0,-0.931,-0.4,-162.94,-28.6,-28.3,-28.01,-27.94,-20.94,-15.506,-3.021,-3.021,-3.021,-0.702,8.768,13.367,27.756,49.06,95.06,372.06,-0.11,-0.026,-0.4,-0.4,-0.311,1.432,1.47,6.48,6.48,6.48,6.57,3.98,3.75,-0.38,1.283,0.015
Os,991.0,-1.167,-0.4,-194.47,-30.47,-29.28,-22.96,-21.47,-21.47,-14.469,-2.381,-2.381,-2.381,-0.563,6.464,12.39,27.099,69.53,98.53,388.53,-0.358,0.396,-0.4,-0.4,0.596,0.596,1.41,6.73,6.73,6.73,6.74,4.01,3.78,-0.41,-0.134,0.002
Os,992.0,-1.179,-0.97,-194.49,-34.49,-32.93,-25.99,-24.49,-19.49,-14.151,-2.211,-2.211,-2.211,-0.616,6.468,12.385,27.108,48.51,92.51,458.51,0.066,0.066,-0.97,-0.97,0.026,0.724,1.57,6.9,6.9,6.9,6.82,4.09,3.81,-0.4,0.647,0.043
Os,993.0,-1.229,-1.3,-200.04,-73.04,-71.33,-71.03,-69.04,-60.04,-22.446,-10.955,-7.614,-3.067,-0.299,3.517,7.032,31.441,80.96,149.96,474.96,-0.347,-0.158,-1.3,-1.3,0.028,-0.24,1.98,5.7,5.75,7.72,7.59,5.92,5.78,-0.66,0.21,-0.21
Os,994.0,-1.288,-0.77,-138.24,-58.24,-58.19,-45.05,-44.24,-41.24,-21.346,-7.913,-7.913,-7.913,-0.049,7.861,10.973,32.06,81.76,81.76,403.76,-0.987,-0.735,-0.77,-0.77,-0.232,0.972,1.77,7.7,7.7,7.7,7.79,5.12,5.01,-1.32,-0.318,-0.318
Os,995.0,-1.204,-0.77,-202.56,-52.88,-52.32,-51.26,-49.56,-46.56,-21.628,-8.724,-8.724,-8.724,-1.068,5.92,12.948,35.792,37.44,308.44,308.44,-1.172,-0.396,-0.77,-0.77,0.365,0.997,1.8,7.46,7.46,7.46,7.63,5.38,5.03,-1.18,-0.593,-1.204
Os,996.0,-1.517,-1.5,-109.9,-48.9,-48.43,-44.75,-42.9,-41.9,-21.793,-7.665,-7.665,-7.665,0.286,6.282,11.767,35.558,37.1,37.1,233.1,-1.189,-1.189,-1.5,-1.5,-0.267,0.499,1.7,7.59,7.59,7.59,7.64,5.27,4.98,-1.28,-0.908,-0.908
Os,997.0,-1.592,-1.5,-113.72,-41.34,-41.03,-36.91,-34.72,-34.72,-26.334,-7.494,-7.494,-7.494,-0.043,6.637,12.101,35.426,43.28,43.28,167.28,-1.292,-1.292,-1.5,-1.5,-0.041,-0.041,0.37,7.58,7.58,7.58,7.71,5.3,4.99,-1.31,-1.001,-1.001
Os,998.0,-1.618,-2.2,-200.4,-58.4,-56.53,-54.9,-53.4,-34.4,-22.932,-9.215,-9.215,-9.215,0.651,18.47,56.692,78.111,79.6,114.6,114.6,-0.951,-0.951,-2.2,-2.2,-1.2,-1.064,0.18,5.57,5.57,5.57,5.88,4.33,4.64,-0.79,-1.192,-1.618
Os,999.0,-1.611,-2.2,-200.76,-58.76,-56.87,-56.56,-54.76,-35.76,-25.805,-19.032,-17.635,-3.966,0.255,6.699,14.967,27.704,32.89,114.24,159.24,-0.939,-0.939,-2.2,-2.2,-1.0,-0.852,-0.42,-0.09,0.0,5.74,5.85,4.09,3.45,-0.07,0.06,0.078
Os,1000.0,-1.637,-1.59,-37.65,-28.65,-26.95,-23.15,-21.65,-21.65,-18.573,-3.968,-3.968,-3.968,0.304,6.546,11.352,25.508,33.35,219.35,235.35,-0.592,-0.461,-1.59,-1.59,-0.592,-0.592,-0.51,5.72,5.72,5.72,5.72,4.0,3.61,-0.97,-0.245,-0.771
Os,1001.0,-1.659,-1.57,-40.41,-29.41,-27.74,-26.91,-25.41,-25.41,-18.469,-3.425,-3.425,-3.425,0.454,8.284,11.302,25.454,108.59,177.59,207.59,-0.587,-0.454,-1.57,-1.57,-0.568,-0.568,-0.46,5.78,5.78,5.78,5.93,3.76,3.6,-0.97,-0.896,-0.758
Os,1002.0,-1.732,-1.55,-53.77,-28.77,-27.27,-26.4,-24.77,-24.77,-18.41,-3.399,-3.399,-3.399,0.494,7.462,11.757,25.939,43.23,43.23,126.23,-0.929,-0.549,-1.55,-1.55,-0.461,-0.461,-0.41,5.77,5.77,5.77,5.87,3.94,3.59,-0.96,-1.164,-1.164
Os,1003.0,-1.713,-2.35,-185.65,-33.65,-31.22,-29.67,-26.65,-26.65,-16.796,-3.886,-3.886,-3.886,-0.058,7.732,12.852,26.999,39.35,94.35,94.35,-0.729,-0.729,-2.35,-2.35,-0.336,-0.336,0.38,5.88,5.88,5.88,5.92,3.96,3.61,-0.99,-1.322,-1.713
Os,1004.0,-1.673,-2.35,-200.17,-35.17,-32.6,-28.44,-25.17,-19.17,-13.783,-4.148,-4.148,-4.148,0.405,8.792,13.857,28.006,57.83,57.83,78.83,-0.639,-0.639,-2.35,-2.35,-0.168,2.001,2.16,6.45,6.45,6.45,6.44,3.97,3.62,-1.0,-1.547,-1.547
Os,1005.0,-1.526,-2.35,-200.07,-34.07,-31.48,-31.06,-28.07,-20.07,-13.949,-4.155,-4.155,-4.155,0.385,10.375,13.429,27.594,38.93,38.93,38.93,-0.621,-0.621,-2.35,-2.35,-0.358,1.879,2.14,6.54,6.54,6.54,6.46,3.76,3.61,-1.02,-1.526,-1.526
Os,1006.0,-1.663,-2.35,-200.11,-35.11,-32.08,-31.75,-29.11,-25.11,-25.11,-19.11,-14.11,-4.815,0.072,10.184,12.986,27.168,52.89,52.89,52.89,-0.29,-0.187,-2.35,-2.35,-0.465,-0.01,-0.01,2.118,2.309,6.56,6.62,3.77,3.62,-0.96,-1.663,-1.663
Os,1007.0,-1.628,-2.35,-200.29,-34.29,-31.85,-31.62,-29.29,-24.29,-24.29,-21.29,-14.29,-4.78,-0.174,9.97,12.983,27.181,33.71,33.71,35.71,-0.546,-0.546,-2.35,-2.35,-0.621,0.117,0.117,1.793,2.263,6.58,6.6,3.81,3.63,-0.99,-1.316,-1.316
Os,1008.0,-1.58,-2.35,-191.48,-34.24,-31.68,-31.43,-28.48,-24.48,-24.48,-20.48,-13.48,-4.876,0.35,10.193,13.077,27.24,35.52,35.52,36.52,-0.52,-0.52,-2.35,-2.35,-0.246,0.268,0.268,2.034,2.471,6.57,6.63,3.78,3.61,-0.99,-1.408,-1.408
Os,1009.0,-1.748,-2.35,-189.48,-33.48,-30.78,-30.4,-27.48,-23.48,-23.48,-19.48,-13.48,-4.17,1.094,10.646,13.651,27.799,46.52,46.52,46.52,-0.425,-0.425,-2.35,-2.35,-0.263,0.146,0.146,1.88,2.101,6.48,6.55,3.8,3.63,-0.98,-1.748,-1.748
Os,1010.0,-1.651,-2.35,-189.67,-34.65,-32.05,-32.0,-28.67,-24.67,-24.67,-19.67,-13.53,-4.45,1.33,10.33,16.33,30.553,32.33,57.33,84.33,-0.618,-0.618,-2.35,-2.35,-0.132,0.271,0.271,2.223,2.257,6.477,6.513,4.054,3.798,-0.94,-0.426,-1.549
Os,1011.0,-1.651,-1.71,-109.77,-101.77,-99.9,-94.27,-92.77,-50.77,-23.77,-20.77,-11.96,-3.265,0.123,6.471,19.991,36.618,58.23,81.23,81.23,-1.403,-0.468,-1.71,-1.71,-0.713,1.113,3.004,3.927,3.949,7.27,7.22,5.19,3.8,-1.02,-1.564,-1.651
Os,1012.0,-1.61,-1.8,-233.93,-225.93,-224.23,-220.43,-218.93,-20.93,-15.292,-15.292,-11.42,-3.761,-0.415,7.986,12.653,30.006,34.07,34.07,35.07,-1.326,-0.663,-1.8,-1.8,-0.796,3.298,3.7,3.7,3.86,7.0,7.09,4.34,4.04,-0.96,-1.637,-1.637
Os,1013.0,-1.469,-1.99,-230.0,-223.0,-221.5,-216.9,-215.0,-215.0,-14.585,-14.585,-12.003,-4.056,-0.6,6.204,10.34,26.325,29.0,29.0,29.0,-1.154,-0.99,-1.99,-1.99,-0.721,-0.721,3.0,3.0,3.22,6.33,6.26,4.02,3.8,-1.67,-1.469,-1.469
Os,1014.0,-1.542,-1.9,-218.17,-211.17,-209.67,-205.94,-204.17,-204.17,-16.394,-16.394,-12.414,-4.275,-0.639,6.796,10.68,27.512,30.83,30.83,30.83,-1.334,-0.903,-1.9,-1.9,-0.722,-0.722,2.93,2.93,3.01,6.09,5.99,3.97,3.76,-1.66,-1.542,-1.542
Os,1015.0,-1.55,-1.76,-204.33,-198.33,-196.61,-192.83,-191.33,-191.33,-16.293,-16.293,-11.409,-3.28,-0.061,7.264,12.766,30.805,33.67,33.67,33.67,-1.192,-0.612,-1.76,-1.76,-0.756,-0.756,2.77,2.77,3.16,6.07,6.12,3.99,3.81,-1.87,-1.55,-1.55
Os,1016.0,-1.51,-1.8,-192.83,-185.83,-183.85,-180.33,-178.83,-178.83,-15.976,-13.694,-11.535,-2.872,0.05,7.551,13.218,31.308,35.17,35.17,35.17,-1.146,-0.478,-1.8,-1.8,-0.797,-0.797,2.88,3.05,3.05,6.18,6.25,4.0,3.75,-1.87,-1.51,-1.51
Os,1017.0,-0.556,-2.1,-176.87,-170.87,-168.4,-165.37,-163.87,-18.87,-15.8,-14.076,-11.698,-3.152,-0.779,6.283,12.644,25.411,29.13,29.13,29.13,-1.264,-0.451,-2.1,-2.1,-1.097,1.933,2.73,2.82,3.11,6.21,6.26,4.01,3.76,-0.5,-0.556,-0.556
Os,1018.0,-1.629,-2.11,-122.4,-115.4,-113.5,-106.9,-105.4,-16.4,-14.722,-14.722,-11.094,-3.105,-0.106,7.139,13.984,29.127,51.6,51.6,51.6,-1.402,-0.848,-2.11,-2.11,-1.114,2.561,2.94,2.94,3.02,6.28,6.35,4.08,3.81,-1.1,-1.629,-1.629
Os,1019.0,-1.59,-2.87,-180.82,-121.82,-120.32,-50.42,-48.82,-48.82,-44.277,-39.115,-21.94,-3.883,-0.337,8.87,14.23,32.296,34.18,34.18,40.18,-1.868,-1.868,-2.87,-2.87,-1.799,-1.799,-0.58,0.17,0.68,6.51,6.57,4.02,3.79,-1.57,-1.361,-1.361
Os,1020.0,-1.53,-2.88,-236.27,-175.27,-173.77,-52.38,-50.27,-50.27,-47.222,-41.631,-23.191,-4.169,-0.51,9.162,14.889,33.418,35.73,35.73,35.73,-1.877,-1.877,-2.88,-2.88,-1.472,-1.472,-0.58,0.15,0.6,6.38,6.62,4.1,3.77,-1.38,-1.53,-1.53
Os,1021.0,-1.58,-2.86,-226.0,-164.0,-162.5,-50.54,-49.0,-49.0,-44.097,-38.695,-21.37,-2.81,-0.442,5.939,10.151,29.733,31.0,31.0,31.0,-1.856,-1.856,-2.86,-2.86,-1.829,-1.829,-0.5,0.03,0.42,6.14,6.09,3.94,3.76,-1.9,-1.58,-1.58
Os,1022.0,-1.58,-2.71,-213.0,-154.0,-151.9,-49.5,-48.0,-48.0,-44.78,-37.909,-17.663,-2.695,-0.211,6.668,10.418,30.029,32.0,32.0,32.0,-1.626,-1.312,-2.71,-2.71,-1.712,-1.712,-0.72,0.35,0.82,6.24,6.17,3.91,3.75,-1.87,-1.58,-1.58
Os,1023.0,-1.676,-2.88,-200.0,-139.0,-137.5,-50.56,-49.0,-49.0,-44.869,-39.695,-20.487,-2.972,-0.003,6.646,10.547,29.7,33.0,33.0,33.0,-1.878,-1.878,-2.88,-2.88,-1.84,-1.84,-0.58,0.31,0.67,6.17,6.18,3.93,3.76,-1.77,-1.676,-1.676
Os,1024.0,-1.538,-2.68,-195.0,-128.0,-126.35,-50.5,-49.0,-49.0,-44.937,-39.754,-17.62,-2.439,0.159,6.684,10.285,28.827,34.0,34.0,34.0,-1.579,-1.579,-2.68,-2.68,-1.679,-1.679,-0.77,0.13,0.79,6.11,6.09,3.89,3.75,-1.69,-1.538,-1.538
Os,1025.0,-1.6,-2.69,-207.0,-135.0,-133.05,-57.5,-56.0,-56.0,-53.826,-47.448,-18.866,-3.258,0.114,6.484,10.54,29.332,33.0,33.0,33.0,-1.539,-1.387,-2.69,-2.69,-1.689,-1.689,-1.23,-0.02,0.6,5.98,6.0,4.02,3.82,-1.69,-1.6,-1.6
Os,1026.1,-1.552,-2.84,-189.55,-68.55,-67.05,-27.23,-25.55,-25.55,-13.098,-12.412,-11.134,-1.222,-0.382,5.308,9.781,23.637,23.64,41.45,41.45,-1.858,-1.841,-2.84,-2.84,-1.722,-1.722,0.62,0.71,0.85,5.93,5.38,3.96,3.76,-0.05,-0.733,-1.552
Os,1027.0,-1.593,-2.86,-215.0,-144.0,-142.5,-36.88,-35.0,-30.0,-16.603,-11.5,-8.675,-1.28,0.503,4.921,10.384,28.779,32.0,32.0,32.0,-1.856,-1.856,-2.86,-2.86,-1.604,-1.26,-1.13,1.62,1.86,5.98,5.22,3.96,3.75,-1.7,-1.593,-1.593
Os,1028.0,-1.616,-3.2,-166.0,-70.0,-67.28,-45.28,-42.0,-32.0,-19.737,-14.207,-8.339,-3.669,0.199,6.229,11.133,29.543,33.0,33.0,33.0,-1.537,-1.386,-3.2,-3.2,-1.016,2.161,2.17,3.69,3.98,5.86,6.05,3.99,3.75,-1.75,-1.616,-1.616
Os,1029.0,-1.54,-3.2,-200.0,-132.0,-128.64,-55.35,-53.0,-29.0,-29.0,-25.0,-15.0,-2.182,0.848,5.891,17.65,36.887,40.0,41.0,41.0,-1.154,-0.962,-3.2,-3.2,-1.632,-0.592,-0.592,0.432,0.914,6.26,6.24,4.44,3.75,-1.7,-1.517,-1.54
Os,1030.0,-1.638,-3.2,-197.0,-134.0,-131.38,-75.36,-73.0,-55.0,-15.467,-2.252,-2.252,-2.252,0.985,7.069,17.841,37.716,40.0,40.0,40.0,-1.453,-1.453,-3.2,-3.2,-1.627,-0.717,0.83,6.23,6.23,6.23,6.29,4.11,3.78,-1.7,-1.638,-1.638
Os,1031.0,-1.532,-3.2,-200.88,-135.88,-133.39,-61.05,-58.88,-21.88,-15.88,-1.826,-1.826,-1.826,1.448,8.306,13.845,33.213,36.12,36.12,36.12,-1.539,-1.539,-3.2,-3.2,-1.754,0.594,0.62,6.23,6.23,6.23,6.25,3.94,3.74,-1.53,-1.532,-1.532
Os,1032.0,-1.157,-3.2,-190.74,-64.74,-62.23,-48.22,-45.74,-27.74,-15.438,-2.415,-2.415,-2.415,0.659,7.599,11.557,27.122,31.26,31.26,31.26,-1.63,-1.526,-3.2,-3.2,-1.55,-0.342,0.86,6.19,6.19,6.19,6.23,4.02,3.73,-1.15,-1.157,-1.157
Os,1033.0,-1.55,-3.2,-200.26,-63.26,-60.94,-47.74,-45.26,-29.26,-29.26,-24.26,-15.26,-2.523,0.561,7.777,11.544,27.269,32.74,32.74,34.74,-1.652,-1.652,-3.2,-3.2,-1.544,-0.798,-0.798,0.664,0.805,6.26,6.29,3.95,3.73,-1.05,-1.343,-1.343
Os,1034.0,-1.6,-3.2,-81.79,-60.79,-58.44,-51.34,-48.79,-29.79,-29.79,-24.79,-15.64,-2.409,0.581,7.475,11.299,26.985,32.21,32.21,33.21,-1.684,-1.635,-3.2,-3.2,-1.501,-0.885,-0.885,0.432,0.715,6.27,6.27,3.94,3.7,-0.97,-1.333,-1.333
Os,1035.0,-1.506,-3.2,-200.41,-60.41,-57.25,-42.45,-39.41,-29.41,-29.41,-24.41,-16.41,-3.295,-0.288,6.032,9.92,27.682,28.59,31.59,32.68,-1.616,-1.096,-3.2,-3.2,-1.171,-0.482,-0.482,0.671,0.774,6.25,6.26,3.98,3.76,-1.49,-0.972,-1.608
Os,1036.0,-1.608,-3.2,-200.77,-57.77,-54.65,-34.24,-30.77,-30.77,-30.77,-24.77,-15.77,-2.941,0.347,5.74,9.729,27.255,30.23,30.23,32.26,-1.523,-1.119,-3.2,-3.2,-0.884,-0.884,-0.884,0.683,0.723,6.28,6.26,4.05,3.81,-1.45,-1.31,-1.31
Os,1037.0,-1.622,-3.2,-200.23,-53.23,-50.64,-42.92,-40.23,-28.23,-28.23,-24.23,-14.23,-1.797,1.302,7.211,10.796,27.837,32.84,32.84,32.84,-1.611,-1.476,-3.2,-3.2,-1.409,-0.605,-0.605,0.473,0.796,6.25,6.27,3.96,3.78,-1.41,-1.622,-1.622
Os,1038.0,-1.513,-3.2,-200.09,-61.09,-57.59,-56.83,-54.09,-30.09,-30.09,-25.09,-16.09,-2.738,0.413,6.294,9.971,27.592,32.91,32.91,32.91,-1.618,-0.868,-3.2,-3.2,-1.374,-0.908,-0.908,0.622,0.766,6.24,6.27,3.95,3.75,-1.71,-1.513,-1.513
Os,1039.0,-1.527,-3.2,-200.29,-58.29,-55.64,-54.46,-51.29,-44.29,-28.29,-24.29,-15.29,-2.218,0.822,6.916,10.637,27.984,33.71,33.71,33.71,-1.656,-1.43,-3.2,-3.2,-1.085,-1.08,-0.565,0.712,0.783,6.24,6.29,3.96,3.7,-1.5,-1.527,-1.527
Os,1040.0,-1.503,-3.2,-200.94,-58.94,-54.99,-54.18,-50.94,-29.94,-29.94,-25.94,-14.94,-2.203,0.861,6.788,10.565,27.801,34.06,34.06,34.06,-1.092,-0.566,-3.2,-3.2,-1.04,-0.523,-0.523,0.567,1.014,6.26,6.28,3.97,3.76,-1.4,-1.503,-1.503
Os,1041.0,-1.254,-3.2,-155.57,-57.57,-53.43,-50.86,-47.57,-35.57,-28.57,-24.57,-15.57,-2.242,0.849,6.688,10.551,27.523,33.43,33.43,33.43,-0.753,-0.439,-3.2,-3.2,-1.006,-0.944,-0.537,0.753,0.885,6.26,6.24,3.95,3.74,-1.37,-1.254,-1.254
Os,1042.0,-1.64,-3.2,-94.79,-56.79,-52.71,-52.0,-48.79,-48.79,-27.79,-23.79,-15.79,-2.44,0.776,6.634,10.492,27.206,32.21,33.21,34.21,-1.041,-0.481,-3.2,-3.2,-1.062,-1.062,0.033,0.734,0.851,6.23,6.26,3.98,3.73,-1.25,-1.04,-1.57
Os,1043.0,-1.656,-3.2,-131.91,-42.91,-38.72,-37.97,-32.91,-32.91,-30.617,-21.76,-10.795,-2.903,-0.025,3.977,18.875,36.52,48.09,48.09,67.09,-0.41,-0.41,-3.2,-3.2,0.171,0.171,-0.02,3.59,3.86,6.21,6.28,5.13,4.08,-0.8,-1.012,-1.012
Os,1044.0,-1.602,-3.25,-200.32,-62.32,-58.14,-36.5,-35.32,-31.32,-24.32,-22.32,-15.09,-2.523,0.142,7.514,14.113,31.806,39.68,39.68,63.68,-0.463,-0.463,-3.25,-3.25,-2.463,-0.171,0.439,1.447,1.8,6.92,6.94,4.38,4.11,-0.8,-0.936,-0.936
Os,1045.0,-1.52,-3.25,-200.37,-72.37,-68.29,-40.91,-39.37,-33.37,-24.37,-22.37,-16.07,-4.368,0.235,7.557,11.931,29.462,33.63,34.46,35.63,-0.611,-0.527,-3.25,-3.25,-2.226,-0.084,0.553,1.23,1.375,6.89,6.87,4.38,4.08,-0.8,-0.657,-1.42
Os,1046.0,-1.706,-3.25,-200.79,-69.79,-66.87,-40.3,-37.79,-32.79,-23.79,-22.79,-14.79,-3.473,0.142,7.878,12.04,29.586,38.21,38.21,38.21,-1.896,-1.302,-3.25,-3.25,-1.579,-0.084,0.421,0.97,1.449,6.93,6.91,4.36,4.1,-0.8,-1.706,-1.706
Os,1047.0,-1.64,-3.25,-200.83,-50.4,-48.11,-38.15,-35.83,-30.83,-23.83,-21.83,-14.83,-2.486,-0.092,8.051,12.578,29.622,38.17,39.62,39.62,-1.722,-1.722,-3.25,-3.25,-1.704,-0.045,0.283,1.401,1.838,6.83,6.85,4.31,4.1,-0.8,-1.64,-1.64
Os,1048.0,-1.58,-1.87,-200.01,-73.01,-71.51,-35.47,-33.01,-28.01,-22.01,-20.01,-15.88,-3.068,-0.108,7.037,11.771,29.415,36.99,37.99,37.99,-1.39,-0.87,-1.87,-1.87,-0.233,1.151,1.307,1.891,1.822,6.78,6.67,4.35,4.06,-0.8,-1.557,-1.58
Os,1049.0,-1.684,-1.89,-103.01,-82.01,-80.51,-35.41,-33.01,-25.01,-14.332,-2.729,-2.729,-2.729,-0.049,7.378,12.392,29.527,34.99,34.99,37.99,-0.888,-0.888,-1.89,-1.89,-0.286,1.667,2.12,6.8,6.8,6.8,6.79,4.31,4.07,-0.8,-0.835,-0.835
Os,1050.0,-1.7117,-1.93,-200.58,-78.58,-77.08,-24.44,-18.58,-18.58,-14.828,-3.76,-3.76,-3.76,0.651,8.808,20.307,37.992,45.42,48.42,48.42,-0.9667,-0.9264,-1.93,-1.93,1.9836,1.9836,2.14,6.85,6.85,6.85,6.83,4.75,4.06,-1.02,-1.069,-1.7117
Os,1051.0,-1.364,-2.12,-200.0,-72.0,-69.82,-35.5,-34.0,-26.0,-22.0,-20.0,-14.0,-3.398,-0.236,5.063,8.871,30.08,31.0,35.09,35.09,-0.9,-0.666,-2.12,-2.12,-1.121,-0.939,0.412,1.355,1.529,6.06,6.05,4.38,4.15,-1.3,-0.9,-1.364
Os,1052.0,-1.26,-2.37,-201.0,-53.0,-50.67,-43.5,-42.0,-23.0,-21.0,-18.0,-12.0,-2.346,-0.003,6.267,12.446,31.21,36.21,37.0,38.0,-1.128,-0.817,-2.37,-2.37,-1.368,-0.503,0.297,1.589,1.914,5.95,6.01,4.55,4.12,-1.3,-0.976,-1.33
Os,1053.0,-1.142,-1.74,-201.0,-57.0,-54.95,-39.5,-38.0,-35.0,-24.0,-19.0,-12.0,-2.623,-0.01,5.827,9.716,29.024,34.02,34.02,34.02,-1.15,-0.38,-1.74,-1.74,-0.745,-0.457,-0.408,1.49,2.027,6.1,6.15,4.4,4.14,-1.3,-1.142,-1.142
Os,1054.0,-1.52,-1.6,-200.41,-78.41,-76.98,-73.61,-72.41,-24.41,-24.41,-17.41,-11.41,-2.683,0.3,6.095,9.939,29.483,34.59,34.59,35.59,-0.649,-0.649,-1.6,-1.6,-0.801,-0.32,-0.32,1.749,2.122,6.15,6.14,4.36,4.16,-1.3,-1.104,-1.104
Os,1055.0,-1.27,-1.6,-200.8,-73.8,-72.0,-69.99,-68.8,-27.8,-21.8,-18.8,-10.8,-2.324,0.365,5.648,9.358,28.822,35.2,35.2,36.2,-0.402,-0.402,-1.6,-1.6,-0.804,-0.434,0.029,1.552,2.314,6.1,6.06,4.34,4.13,-1.3,-1.3,-1.3
Os,1056.0,-1.613,-1.6,-200.61,-49.61,-47.23,-46.96,-45.61,-25.61,-21.721,-16.944,-11.456,-1.716,0.612,5.255,9.319,26.362,28.39,32.39,39.39,-0.05,-0.016,-1.6,-1.6,-0.702,-0.438,0.39,2.06,2.23,6.08,6.02,4.42,4.15,-0.72,-0.514,-1.032
Os,1057.0,-1.526,-1.6,-200.36,-38.36,-36.23,-34.48,-33.36,-22.36,-20.935,-5.206,-5.206,-5.206,5.111,5.111,16.43,34.015,44.02,46.64,46.64,-0.183,-0.183,-1.6,-1.6,-0.851,-0.409,-0.33,6.04,6.04,6.04,5.74,5.74,4.16,-0.96,-1.376,-1.526
Os,1058.0,-1.581,-2.5,-200.96,-52.96,-49.38,-48.03,-45.96,-21.96,-21.96,-18.96,-13.96,-2.698,0.151,5.897,10.215,28.38,38.04,38.04,44.04,-0.111,-0.111,-2.5,-2.5,-1.118,-0.459,-0.459,1.215,1.622,6.13,6.21,4.25,3.96,-0.96,-1.126,-1.126
Os,1059.0,-1.69,-2.5,-119.66,-49.66,-47.49,-47.18,-44.66,-23.66,-23.66,-20.66,-13.05,-2.701,0.224,5.452,9.788,27.821,33.34,39.34,39.34,-0.689,-0.689,-2.5,-2.5,-0.396,-0.095,-0.095,1.049,1.692,6.17,6.19,4.23,3.91,-0.96,-1.058,-1.69
Os,1060.0,-1.713,-1.03,-186.42,-117.42,-115.82,-112.92,-111.42,-25.42,-20.42,-17.42,-11.42,-2.769,0.271,5.975,10.587,31.437,41.58,41.58,41.58,0.036,0.036,-1.03,-1.03,-0.028,-0.154,0.302,1.289,1.801,6.18,6.2,4.23,3.89,-1.7,-1.713,-1.713
Os,1061.0,-1.65,-1.2,-128.43,-43.43,-41.74,-41.52,-40.43,-21.43,-19.628,-4.094,-4.094,-4.094,1.08,6.979,10.362,30.019,40.57,40.57,40.57,0.01,0.01,-1.2,-1.2,-0.419,-0.201,-0.39,6.06,6.06,6.06,5.98,4.15,4.02,-1.5,-1.65,-1.65
Os,1062.0,-1.476,-2.41,-103.92,-94.92,-92.01,-91.72,-89.92,-18.82,-18.817,-6.383,-6.383,-6.383,0.079,5.367,9.477,28.784,35.08,35.08,35.08,-0.471,-0.402,-2.41,-2.41,-1.172,-0.755,-0.91,5.73,5.73,5.73,5.9,4.19,4.02,-1.5,-1.476,-1.476
Os,1063.0,-1.466,-2.43,-92.8,-82.8,-79.64,-78.36,-75.8,-54.8,-32.8,-20.8,-12.8,-6.784,0.492,4.561,8.996,28.351,34.2,34.2,34.2,-0.631,-0.326,-2.43,-2.43,-0.723,-0.821,-0.651,3.172,3.995,5.92,6.13,4.35,4.07,-1.5,-1.466,-1.466
Os,1064.0,-1.436,-2.43,-124.47,-70.47,-68.05,-62.77,-60.47,-30.47,-18.47,-4.704,-4.704,-4.704,0.094,4.738,9.038,28.229,28.53,28.53,34.53,-0.814,-0.814,-2.43,-2.43,-0.896,-0.41,0.231,6.15,6.15,6.15,6.23,4.27,4.04,-1.5,-0.998,-0.998
Os,1065.0,-1.528,-2.32,-200.34,-64.34,-62.0,-58.24,-56.34,-22.34,-16.916,-4.887,-4.887,-4.887,-0.03,4.66,8.932,28.245,28.66,28.66,43.66,-0.759,-0.759,-2.32,-2.32,-1.05,-0.294,0.65,6.11,6.11,6.11,6.21,4.28,4.03,-1.5,-0.958,-0.958
Os,1066.0,-1.661,-2.32,-200.61,-57.61,-55.02,-49.66,-47.61,-19.61,-17.097,-4.518,-4.518,-4.518,0.105,5.174,9.34,27.121,42.39,42.39,47.39,-0.593,-0.593,-2.32,-2.32,-0.951,-0.274,0.79,6.21,6.21,6.21,6.34,4.32,4.05,-1.0,-1.588,-1.588
Os,1067.0,-1.597,-2.2,-200.75,-59.75,-56.06,-51.14,-48.75,-18.75,-17.496,-4.294,-4.294,-4.294,0.191,5.344,9.686,26.975,28.25,50.25,53.25,0.258,0.258,-2.2,-2.2,-0.607,-0.151,0.37,6.19,6.19,6.19,6.17,4.39,4.11,-1.0,-0.644,-1.607
Os,1068.0,-1.58,-1.91,-201.5,-59.5,-57.58,-57.24,-55.5,-55.5,-39.76,-25.928,-24.031,-16.815,-0.628,1.115,6.82,37.874,41.5,65.5,67.5,-0.85,-0.63,-1.91,-1.91,-0.749,-0.749,-0.52,4.21,4.44,6.85,7.07,6.65,6.51,-1.2,-0.158,-1.657
Os,1069.0,-1.617,-2.66,-144.34,-66.34,-64.23,-61.07,-58.34,-52.34,-23.119,-19.114,-14.115,-2.793,-0.05,5.472,9.03,27.276,35.66,35.66,44.66,-1.314,-1.25,-2.66,-2.66,-0.838,-0.219,1.32,1.96,2.42,7.17,7.2,5.18,5.03,-0.22,-1.1,-1.1
Os,1070.0,-1.604,-2.66,-169.64,-65.64,-63.96,-62.58,-60.64,-55.64,-15.381,-3.696,-3.696,-3.696,-0.568,5.154,8.524,28.343,35.36,40.36,40.36,-1.556,-1.537,-2.66,-2.66,-1.369,-0.454,1.71,7.12,7.12,7.12,7.14,5.2,5.06,-0.33,-1.042,-1.604
Os,1071.0,-1.649,-2.66,-200.13,-68.13,-66.26,-61.18,-59.13,-56.13,-15.508,-3.385,-3.385,-3.385,0.044,4.531,8.165,28.065,32.87,36.87,42.87,-1.724,-1.416,-2.66,-2.66,-1.29,-0.372,1.54,6.82,6.82,6.82,6.86,5.24,5.05,-0.3,-0.436,-1.225
Os,1072.0,-1.594,-2.66,-200.55,-66.55,-64.7,-60.74,-58.55,-48.55,-15.424,-3.319,-3.319,-3.319,0.128,5.247,8.297,28.486,32.45,35.45,40.45,-1.614,-1.424,-2.66,-2.66,-1.198,-0.221,1.59,6.84,6.84,6.84,6.89,5.19,5.05,-0.6,-0.448,-1.275
Os,1073.0,-1.602,-2.66,-200.23,-142.23,-139.95,-61.84,-60.23,-56.23,-14.68,-2.618,-2.618,-2.618,0.394,6.781,9.832,29.965,34.97,36.77,44.77,-1.143,-1.143,-2.66,-2.66,-1.587,-0.743,1.47,6.92,6.92,6.92,6.91,5.18,5.03,-0.37,-0.484,-1.069
Os,1074.0,-1.474,-2.66,-200.0,-154.0,-151.12,-61.92,-60.0,-55.0,-14.657,-2.326,-2.326,-2.326,0.211,4.859,8.631,28.796,33.8,36.0,40.0,-0.738,-0.738,-2.66,-2.66,-1.381,-0.366,1.47,6.96,6.96,6.96,6.91,5.24,5.03,-0.44,-0.54,-1.182
Os,1075.0,-1.429,-2.55,-202.0,-146.0,-143.59,-60.31,-58.0,-53.0,-15.079,-2.699,-2.699,-2.699,0.332,5.729,9.39,29.628,33.0,35.0,42.0,-1.027,-0.945,-2.55,-2.55,-1.009,-0.318,1.41,6.79,6.79,6.79,6.91,5.24,5.03,-0.27,-0.166,-0.857
Os,1076.0,-1.603,-2.55,-132.4,-102.4,-100.54,-53.25,-51.4,-44.4,-28.783,-18.042,-5.926,-2.55,0.288,5.052,14.848,34.574,38.6,41.6,50.6,-1.44,-1.311,-2.55,-2.55,-1.314,0.086,0.42,4.83,5.17,6.72,6.83,5.48,5.01,-0.2,-0.189,-1.087
Os,1077.0,-1.617,-2.6,-181.9,-55.9,-53.94,-51.83,-47.9,-47.9,-29.651,-20.842,-8.23,-2.469,0.318,7.376,13.175,32.714,38.1,39.1,48.1,-1.463,-1.291,-2.6,-2.6,0.022,0.022,0.57,3.84,4.37,6.8,6.77,5.3,5.09,-0.31,-0.312,-0.856
Os,1078.0,-1.522,-2.6,-189.56,-174.56,-172.87,-50.34,-48.56,-38.56,-29.419,-19.08,-16.741,-2.712,0.594,5.955,10.098,29.906,35.44,37.44,48.44,-1.474,-1.474,-2.6,-2.6,-1.416,0.142,0.26,0.64,0.69,6.8,6.85,5.27,5.03,-0.34,-0.303,-0.82
Os,1079.0,-1.588,-2.62,-189.34,-109.34,-107.59,-41.95,-40.34,-40.34,-39.169,-22.022,-16.055,-2.986,0.712,4.936,9.423,30.057,35.66,37.66,44.66,-1.58,-1.452,-2.62,-2.62,-1.544,-1.544,-1.36,1.25,1.41,6.78,6.86,5.31,5.03,-0.49,-0.31,-0.998
Os,1080.0,-1.056,-2.62,-178.63,-48.63,-46.79,-46.48,-44.63,-36.63,-30.729,-19.97,-11.031,-6.899,0.989,0.989,4.157,26.58,28.37,65.37,77.37,-1.481,-1.26,-2.62,-2.62,-1.247,0.606,0.93,5.05,5.66,6.95,6.67,6.67,6.6,0.5,0.685,-0.902
